-- phpMyAdmin SQL Dump
-- version 5.0.1
-- https://www.phpmyadmin.net/
--
-- Host: 127.0.0.1
-- Generation Time: Aug 27, 2020 at 02:46 PM
-- Server version: 10.4.11-MariaDB
-- PHP Version: 7.3.14

SET SQL_MODE = "NO_AUTO_VALUE_ON_ZERO";
SET AUTOCOMMIT = 0;
START TRANSACTION;
SET time_zone = "+00:00";


/*!40101 SET @OLD_CHARACTER_SET_CLIENT=@@CHARACTER_SET_CLIENT */;
/*!40101 SET @OLD_CHARACTER_SET_RESULTS=@@CHARACTER_SET_RESULTS */;
/*!40101 SET @OLD_COLLATION_CONNECTION=@@COLLATION_CONNECTION */;
/*!40101 SET NAMES utf8mb4 */;

--
-- Database: `pilkosis`
--

-- --------------------------------------------------------

--
-- Table structure for table `administrator`
--

CREATE TABLE `administrator` (
  `id` int(11) NOT NULL,
  `nama` varchar(50) NOT NULL,
  `username` varchar(50) NOT NULL,
  `password` varchar(50) NOT NULL,
  `level` int(11) NOT NULL,
  `histori` datetime NOT NULL,
  `foto` varchar(100) NOT NULL
) ENGINE=InnoDB DEFAULT CHARSET=utf8mb4;

--
-- Dumping data for table `administrator`
--

INSERT INTO `administrator` (`id`, `nama`, `username`, `password`, `level`, `histori`, `foto`) VALUES
(1, 'Rhbekti', 'rhbekti', '32b247357d198e25c00581b99b792d50ed740de1', 1, '2020-07-31 14:16:55', 'bekti.jpg');

-- --------------------------------------------------------

--
-- Table structure for table `berita`
--

CREATE TABLE `berita` (
  `id_berita` int(11) NOT NULL,
  `nama_berita` varchar(50) NOT NULL,
  `isi_berita` text NOT NULL,
  `waktu` datetime NOT NULL
) ENGINE=InnoDB DEFAULT CHARSET=utf8mb4;

-- --------------------------------------------------------

--
-- Table structure for table `biodata`
--

CREATE TABLE `biodata` (
  `id` int(11) NOT NULL,
  `nama` varchar(25) NOT NULL,
  `tgl_lahir` date NOT NULL,
  `kelas` varchar(5) NOT NULL,
  `alamat` varchar(50) NOT NULL,
  `sosmed` varchar(50) NOT NULL,
  `foto` varchar(200) NOT NULL,
  `riwayat` varchar(200) NOT NULL,
  `id_kandidat` int(11) NOT NULL
) ENGINE=InnoDB DEFAULT CHARSET=utf8mb4;

--
-- Dumping data for table `biodata`
--

INSERT INTO `biodata` (`id`, `nama`, `tgl_lahir`, `kelas`, `alamat`, `sosmed`, `foto`, `riwayat`, `id_kandidat`) VALUES
(3, 'Pambekti', '2020-08-05', 'B', 'adimulyo', 'asddsad', 'foto200822-291d647c52.png', 'sasdasdasdg', 3),
(4, 'Rahman', '2002-07-10', 'MM', 'krakal', 'bekti', 'foto200822-134f49cc56.png', 'osis 2018-2020', 3);

-- --------------------------------------------------------

--
-- Table structure for table `datakelas`
--

CREATE TABLE `datakelas` (
  `kodekelas` varchar(2) NOT NULL,
  `namakelas` varchar(25) DEFAULT NULL
) ENGINE=InnoDB DEFAULT CHARSET=utf8;

--
-- Dumping data for table `datakelas`
--

INSERT INTO `datakelas` (`kodekelas`, `namakelas`) VALUES
('A', 'X AKL 1'),
('A1', 'Kepala Sekolah'),
('A2', 'Guru'),
('A3', 'Karyawan'),
('AA', 'XI MM 1'),
('B', 'X AKL 2'),
('BB', 'XI MM 2'),
('C', 'X AKL 3'),
('CC', 'XII AKL 1'),
('D', 'X AKL 4'),
('DD', 'XII AKL 2'),
('E', 'X OTKP 1'),
('EE', 'XII AKL 3'),
('F', 'X OTKP 2'),
('FF', 'XII AKL 4'),
('G', 'X OTKP 3'),
('GG', 'XII OTKP 1'),
('H', 'X BDP 1'),
('HH', 'XII OTKP 2'),
('I', 'X BDP 2'),
('II', 'XII OTKP 3'),
('J', 'X BDP 3'),
('JJ', 'XII BDP 1'),
('K', 'X RPL 1'),
('KK', 'XII BDP 2'),
('L', 'X RPL 2'),
('LL', 'XII BDP 3'),
('M', 'X MM 1'),
('MM', 'XII RPL 1'),
('N', 'X MM 2'),
('NN', 'XII RPL 2'),
('O', 'XI AKL 1'),
('OO', 'XII MM 1'),
('P', 'XI AKL 2'),
('PP', 'XII MM 2'),
('Q', 'XI AKL 3'),
('R', 'XI AKL 4'),
('S', 'XI OTKP 1'),
('T', 'XI OTKP 2'),
('U', 'XI OTKP 3'),
('V', 'XI BDP 1'),
('W', 'XI BDP 2'),
('X', 'XI BDP 3'),
('Y', 'XI RPL 1'),
('Z', 'XI RPL 2');

-- --------------------------------------------------------

--
-- Table structure for table `data_voting`
--

CREATE TABLE `data_voting` (
  `id` int(11) NOT NULL,
  `id_user` int(11) NOT NULL,
  `no_kandidat` int(11) NOT NULL,
  `waktu` datetime NOT NULL
) ENGINE=InnoDB DEFAULT CHARSET=utf8mb4;

--
-- Dumping data for table `data_voting`
--

INSERT INTO `data_voting` (`id`, `id_user`, `no_kandidat`, `waktu`) VALUES
(6, 1498, 3, '2020-08-25 21:31:36');

-- --------------------------------------------------------

--
-- Table structure for table `kandidat`
--

CREATE TABLE `kandidat` (
  `id` int(10) NOT NULL,
  `ketua` varchar(100) NOT NULL,
  `wakil` varchar(50) NOT NULL,
  `visi` varchar(100) NOT NULL,
  `misi` varchar(1000) NOT NULL,
  `proker` varchar(1000) NOT NULL,
  `foto` varchar(200) NOT NULL,
  `jumlah_suara` int(11) NOT NULL
) ENGINE=InnoDB DEFAULT CHARSET=utf8mb4;

--
-- Dumping data for table `kandidat`
--

INSERT INTO `kandidat` (`id`, `ketua`, `wakil`, `visi`, `misi`, `proker`, `foto`, `jumlah_suara`) VALUES
(1, 'Finna Anggi', 'Anggi Lestari', 'oops', 'oop', 'oops', 'foto200808-abcb458652.png', 1),
(2, 'Ora Reti', 'Tes Bae', '<p>berjuang untuk meraih hasil</p>', 'berhasil di kemudian hari', 'Menjaga hati dan perasaan', 'foto200822-52f49174c2.png', 2),
(3, 'Rahman ', 'Pambekti', '     hanya untuk coba coba ', ' Lorem ipsum dolor sit amet consectetur adipisicing elit. Numquam ipsam deleniti cum asperiores maxime temporibus sit dicta amet veniam animi. Iusto error eum quos, aperiam in tempora asperiores accusantium dolore.    ', ' Lorem ipsum dolor sit amet consectetur adipisicing elit. Numquam ipsam deleniti cum asperiores maxime temporibus sit dicta amet veniam animi. Iusto error eum quos, aperiam in tempora asperiores accusantium dolore.    ', 'foto200822-01d1f8a41b.png', 3);

-- --------------------------------------------------------

--
-- Table structure for table `komentar`
--

CREATE TABLE `komentar` (
  `id` int(11) NOT NULL,
  `pesan` text NOT NULL,
  `waktu` datetime NOT NULL,
  `id_user` int(11) NOT NULL
) ENGINE=InnoDB DEFAULT CHARSET=utf8mb4;

--
-- Dumping data for table `komentar`
--

INSERT INTO `komentar` (`id`, `pesan`, `waktu`, `id_user`) VALUES
(1, 'testing', '2020-08-27 09:44:31', 1498);

-- --------------------------------------------------------

--
-- Table structure for table `level`
--

CREATE TABLE `level` (
  `id_level` varchar(2) NOT NULL,
  `nama_level` varchar(20) NOT NULL
) ENGINE=InnoDB DEFAULT CHARSET=utf8mb4;

--
-- Dumping data for table `level`
--

INSERT INTO `level` (`id_level`, `nama_level`) VALUES
('1', 'administrator'),
('2', 'siswa'),
('3', 'Guru'),
('4', 'Karyawan'),
('5', 'Kepala Sekolah'),
('6', 'petugas');

-- --------------------------------------------------------

--
-- Table structure for table `message`
--

CREATE TABLE `message` (
  `id` int(11) NOT NULL,
  `name` varchar(100) NOT NULL,
  `email` varchar(100) NOT NULL,
  `subject` varchar(100) NOT NULL,
  `message` text NOT NULL,
  `created_at` datetime NOT NULL DEFAULT current_timestamp(),
  `read_status` tinyint(1) NOT NULL
) ENGINE=InnoDB DEFAULT CHARSET=utf8;

--
-- Dumping data for table `message`
--

INSERT INTO `message` (`id`, `name`, `email`, `subject`, `message`, `created_at`, `read_status`) VALUES
(1, 'Rahman Pambekti', 'rhbekti.ac.id@gmail.com', 'testing', 'halo rahman', '2020-08-25 06:56:28', 1),
(2, 'tika', 'rhbekti@gmail.com', 'testing 2', 'halo halo\n', '2020-08-25 06:59:05', 1),
(3, 'fakih', 'sandhikagalih@gmail.com', 'dsasda', 'sadds', '2020-08-25 06:59:49', 1),
(4, 'Rahman Pambekti', 'rhbekti.ac.id@gmail.com', 'balasan', 'oke sip', '2020-08-25 07:02:16', 1),
(5, 'asdaads', 'sandhikagalih@gmail.com', 'adsasd', 'asdsdsda', '2020-08-25 08:20:47', 0);

-- --------------------------------------------------------

--
-- Table structure for table `setting`
--

CREATE TABLE `setting` (
  `id` int(11) NOT NULL,
  `tglawal` date NOT NULL,
  `tglakhir` date NOT NULL,
  `jambuka` time NOT NULL,
  `jamtutup` time NOT NULL,
  `id_admin` int(11) NOT NULL
) ENGINE=InnoDB DEFAULT CHARSET=utf8mb4;

--
-- Dumping data for table `setting`
--

INSERT INTO `setting` (`id`, `tglawal`, `tglakhir`, `jambuka`, `jamtutup`, `id_admin`) VALUES
(1, '2020-08-25', '2020-08-25', '08:40:05', '12:40:06', 1);

-- --------------------------------------------------------

--
-- Table structure for table `status`
--

CREATE TABLE `status` (
  `id_status` int(11) NOT NULL,
  `nama_status` varchar(40) NOT NULL,
  `icon` varchar(20) NOT NULL
) ENGINE=InnoDB DEFAULT CHARSET=utf8mb4;

--
-- Dumping data for table `status`
--

INSERT INTO `status` (`id_status`, `nama_status`, `icon`) VALUES
(0, 'belum masuk', 'fas fa-user-slash'),
(1, 'sudah masuk', 'fas fa-check-circle'),
(2, 'Telah Melakukan Voting', 'fas fa-user-graduate'),
(3, 'Golput', 'fas fa-user-times');

-- --------------------------------------------------------

--
-- Table structure for table `user`
--

CREATE TABLE `user` (
  `id` int(11) NOT NULL,
  `nama` varchar(50) NOT NULL,
  `username` varchar(50) NOT NULL,
  `password` varchar(50) NOT NULL,
  `level` int(11) NOT NULL,
  `kelas` varchar(4) NOT NULL,
  `status` int(11) NOT NULL
) ENGINE=InnoDB DEFAULT CHARSET=utf8mb4;

--
-- Dumping data for table `user`
--

INSERT INTO `user` (`id`, `nama`, `username`, `password`, `level`, `kelas`, `status`) VALUES
(1, 'Drs.Prayitno', 'prayitno@pilkosis', 'cFm8RH', 5, 'A1', 0),
(2, 'SITI MAKRIFAH, S.Pd.', 'sitimakrifah@pilkosis', 'Up6k9N', 3, 'A2', 0),
(3, 'Dra. DEWI ANGGRAENI ', 'dewianggraeni@pilkosis', '6Orr0x', 3, 'A2', 0),
(4, 'Drs. SUMBONO', 'sumbono@pilkosis', 'm9HuJK', 3, 'A2', 0),
(5, 'Drs. CONDRO MARTANTO', 'condromartanto@pilkosis', 'Kn2CE8', 3, 'A2', 0),
(6, ' SAHIR, S.Pd, M.Pd.', 'sahir@pilkosis', 'O5B5SD', 3, 'A2', 0),
(7, 'AH.MUDZAKIR AS,S.Pd.', 'ahmudzakir@pilkosis', 'W5DUsK', 3, 'A2', 0),
(8, 'SRI SUMARNI, S.Pd.', 'srisumarni@pilkosis', '6QP7DB', 3, 'A2', 0),
(9, ' MURYATI, S.Pd', 'muryati@pilkosis', 'AQkBnb', 3, 'A2', 0),
(10, 'Drs. PRICHATIN SULAWESTIJONO ', 'prichatin@pilkosis', 'thPUoO', 3, 'A2', 0),
(11, 'ETNA WIJAYANTI, S.Pd.', 'etnawijayanti@pilkosis', 'xc61sw', 3, 'A2', 0),
(12, 'S. MUSTAKIM,  M.Pd. ', 'smustakim@pilkosis', 'lE9nCS', 3, 'A2', 0),
(13, 'NENI LIANA, S.Sos.', 'neniliana@pilkosis', 'iTHnKV', 3, 'A2', 0),
(14, 'MOH. MUMFASIL, S.Pd, M.Pd. ', 'momumfasil@pilkosis', '3CmaJw', 3, 'A2', 0),
(15, 'KHAERUL HIDAYAT, SE.', 'khaerulhidayat@pilkosis', 'ERqFvm', 3, 'A2', 0),
(16, 'YUNIASIH, S.Pd. ', 'yuniasih@pilkosis', 'Mqwiuq', 3, 'A2', 0),
(17, 'DIAH PURWATININGSIH, S.Pd.', 'diahpurwatiningsih@pilkosis', 'Auh4fa', 3, 'A2', 0),
(18, 'SITI CHAMIDAH, S.Pd. ', 'sitichamidah@pilkosis', '5Pp6wJ', 3, 'A2', 0),
(19, 'DRS.ARIO M SANO', 'ariomsano@pilkosis', 'TQafyF', 3, 'A2', 0),
(20, 'ELVIA ROMYATI, S.Pd. ', 'elviaromyati@pilkosis', 'LZm6OI', 3, 'A2', 0),
(21, 'ANIK MASRUROH KHURYATI, ST, M.Pd.', 'anikmasruroh@pilkosis', 'Xot1KQ', 3, 'A2', 0),
(22, 'SARIYONO, S.Pd. ', 'sariyono@pilkosis', '2poXO6', 3, 'A2', 0),
(23, 'ACHMAD SUTARMO, S.Pd. ', 'achmadsutarmo@pilkosis', 'I8Lh6T', 3, 'A2', 0),
(24, 'TEGUH HANTIARSA, S.Pd', 'teguhhartiarsa@pilkosis', 'ss8Hx6', 3, 'A2', 0),
(25, 'PUJIATI, S.Pd. ', 'pujiati@pilkosis', 'K7JJAG', 3, 'A2', 0),
(26, 'NUR SAIDAH, S.Pd. ', 'nursaidah@pilkosis', 'Mm7cQT', 3, 'A2', 0),
(27, 'DWI KARYANI, M.Pd.', 'dwikaryani@pilkosis', 'rAybOe', 3, 'A2', 0),
(28, 'RINI ASIANA, S.Pd. ', 'riniasiana@pilkosis', 'AU8qZh', 3, 'A2', 0),
(29, 'HIKMAH BAKTI RAHAJU, S.Pd.', 'hikmahbakti@pilkosis', 'nopnod', 3, 'A2', 0),
(30, ' HARINI MINTARSIH, S.Pd.', 'harinimintarsih@pilkosis', 'aGLplc', 3, 'A2', 0),
(31, 'ASIH HARYANI, S.Pd. ', 'asihharyani@pilkosis', 'UywKHe', 3, 'A2', 0),
(32, 'NURAENI, S.Kom. ', 'nuraeni@pilkosis', '2epwgh', 3, 'A2', 0),
(33, 'HIMAWATI SETYANINGRUM, S.Pd.', 'himawati@pilkosis', 'VfvT8b', 3, 'A2', 0),
(34, 'LINA RAHMAWATI, S.Pd. ', 'linarahmawati@pilkosis', 'zw7XvP', 3, 'A2', 0),
(35, 'HENI PURWANINGSIH, S.Pd. ', 'henipurwaningsih@pilkosis', 'LN2Ig1', 3, 'A2', 0),
(36, 'NUGROHO BUDHI R, S.T.', 'nugrohobudi@pilkosis', 'WuggsM', 3, 'A2', 0),
(37, 'M. JAMALUDDIN AL-HASANI, S.Psi, M.Pd ', 'mjamaluddin@pilkosis', 'Cu5FoD', 3, 'A2', 0),
(38, 'AFRI YUDI HASTUTI, S.Pd.', 'afriyudihastuti@pilkosis', 'Qu9o3U', 3, 'A2', 0),
(39, 'SITI FADILATUN, S.Pd. ', 'sitifadilatun@pilkosis', 'QguTNG', 3, 'A2', 0),
(40, 'ARIF HADIYANTO, S. Kom.', 'arifhadiyanto@pilkosis', 'Qov1M4', 3, 'A2', 0),
(41, 'YANI TRI PURWANTI, S.Pd. ', 'yanitripurwanti@pilkosis', 'UpkSMV', 3, 'A2', 0),
(42, 'ASEP SETIAWAN NUGRAHA, S.Pd', 'asepsetiawan@pilkosis', 'aoZ8TW', 3, 'A2', 0),
(43, 'HERNOWO BAYUAJI, S.Pd ', 'hernowobayuaji@pilkosis', 'RL8O5l', 3, 'A2', 0),
(44, 'IRWAN FITRIYANTO N, S.Pd', 'irwanfitriyanto@pilkosis', 'EdiAOB', 3, 'A2', 0),
(45, 'CAHYO WARSITO, S.Kom. ', 'cahyowarsito@pilkosis', 'rNFBoC', 3, 'A2', 0),
(46, 'TONI WAHYUDI, S.Kom.', 'toniwahyudi@pilkosis', 'erbfZ1', 3, 'A2', 0),
(47, 'ANITA ARUMSARI, S.Si, S.Pd. Fis. ', 'anitaarum@pilkosis', 'TxtFLC', 3, 'A2', 0),
(48, 'FADLI RAHMAN, S.Pd.', 'fadlirahman@pilkosis', 'nNmmLT', 3, 'A2', 0),
(49, 'KHABIB, S.Pd.', 'khabib@pilkosis', 'u3JSu4', 3, 'A2', 0),
(50, ' ANA PRIHANTI  . W.P, S.Pd.', 'anaprihanti@pilkosis', 'm1RlkL', 3, 'A2', 0),
(51, 'IMAM SUJARWO, S.Pd. ', 'imamsujarwo@pilkosis', 'K4OrvF', 3, 'A2', 0),
(52, 'DARSINAH, S.Pd.Kor.', 'darsinah@pilkosis', '4LNstU', 3, 'A2', 0),
(53, 'AKHMAD NUR KHAKIM, S.Pd.', 'akhmadnurhakim@pilkosis', 'sTAzh7', 3, 'A2', 0),
(54, ' LULUS ANGGUN PAMUJI, S.Pd.', 'lulusanggun@pilkosis', 'bhhzoi', 3, 'A2', 0),
(55, 'SUGESTI  GAMES  WIBOWO, S.Pd.Si. ', 'sugesti@pilkosis', 'AXqFX4', 3, 'A2', 0),
(56, 'ENTIN MARTINI, S.Pd.', 'entinmartini@pilkosis', 'lsnQop', 3, 'A2', 0),
(57, 'SARI CHASANAH, S.Pd. ', 'sarichasanah@pilkosis', 'kCT9py', 3, 'A2', 0),
(58, 'MAHARANI TIRTANINGSIH, S.Pd.', 'maharani@pilkosis', 'E4GscJ', 3, 'A2', 0),
(59, 'SRI DEWI UTAMI, S.Pd.', 'sridewiutami@pilkosis', 'pMPZh0', 3, 'A2', 0),
(60, 'BANGKIT NAZHAR, S.Pd. ', 'bangkitnazhar@pilkosis', 'Q2xZpm', 3, 'A2', 0),
(61, 'NILA TRI HARDIYANI, S.Pd. ', 'nilatrihardiyani@pilkosis', 'ZI9ZwF', 3, 'A2', 0),
(62, 'EVA KHOFIYANA, S.Pd.', 'evakhofiyana@pilkosis', 'iNCXLN', 3, 'A2', 0),
(63, 'NUR WIDIANNINGSIH, S.Pd. ', 'nurwidianningsih@pilkosis', 'QgpX9t', 3, 'A2', 0),
(64, 'NOVI KURNIAWAN, S.Pd. ', 'novikurniawan@pilkosis', 'bIG0kp', 3, 'A2', 0),
(65, 'KIKI ELISTINA, S.Sos.I.', 'kikielistina@pilkosis', '7vrlDh', 3, 'A2', 0),
(66, 'MEI RIZQIANA, S.Pd. ', 'meirizqiana@pilkosis', 'U1LEkv', 3, 'A2', 0),
(67, 'UMI KULSUM, S.Pd. ', 'umikulsum@pilkosis', 'qWOVXJ', 3, 'A2', 0),
(68, 'USWATUN KHASANAH, S.Pd.', 'uswatunkhasanah@pilkosis', 'bpidZy', 3, 'A2', 0),
(69, 'RISANG PURNAWAN NUGRAHANTO, S.Pd. ', 'risangpurnawan@pilkosis', 'yyFHIE', 3, 'A2', 0),
(70, 'NOVA SUGIYANTI, S.Pd.', 'novasugiyanti@pilkosis', 'FpizgB', 3, 'A2', 0),
(71, 'DIAN PURWANINGSIH, S.Pd.I. ', 'dianpurwaningsih@pilkosis', 'e97NBV', 3, 'A2', 0),
(72, 'FITRI MAS`ADI, S.Kom.I.', 'fitrimasadi@pilkosis', 'ZKl3BG', 3, 'A2', 0),
(73, 'RAFITA PURNAMASARI, S.Pd.', 'rafitapurnamasari@pilkosis', 'Xglocx', 3, 'A2', 0),
(74, 'AMRI JATI VIATWAN, S.Pd. ', 'amrijati@pilkosis', 'GbqUBk', 3, 'A2', 0),
(75, 'YUYUN AYUNITA ZULAIKHA, S.Pd.', 'yuyunayunita@pilkosis', 'yhBtu8', 3, 'A2', 0),
(76, 'SULASTRI, S.Pd.', 'sulastri@pilkosis', '1pt3g1', 4, 'A3', 0),
(77, ' ELY RIWAYATUN', 'elyriwayatun@pilkosis', 'M7RlxR', 4, 'A3', 0),
(78, 'SUCI PRIYONO, SE ', 'sucipriyono@pilkosis', 'v3fLS4', 4, 'A3', 0),
(79, 'SITI MUNTASIYAH, SE.', 'sitimuntasiyah@pilkosis', 'ODrfQ9', 4, 'A3', 0),
(80, 'NELY INDERAWATI, S.E. ', 'nelyinderawati@pilkosis', '44ltgl', 4, 'A3', 0),
(81, 'SUTRISNO', 'sutrisno@pilkosis', '35zZJv', 4, 'A3', 0),
(82, 'AHMAD NASRUDIN, SE. ', 'ahmadnasrudin@pilkosis', 'VNqRWH', 4, 'A3', 0),
(83, 'DAIMAH ,SE ', 'daimah@pilkosis', 'siO3Mm', 4, 'A3', 0),
(84, 'NISA FIKRIYAH', 'nisafikriyah@pilkosis', 'SbMl0k', 4, 'A3', 0),
(85, 'SUHARTITAH ', 'suhartitah@pilkosis', 'vlvxaJ', 4, 'A3', 0),
(86, 'MUTOBINGATUN', 'mutobingatun@pilkosis', '2k6tJn', 4, 'A3', 0),
(87, 'ARYANTI DWI LESTARI. A.Md. ', 'aryantidwilestari@pilkosis', 'vR1WT7', 4, 'A3', 0),
(88, 'BUDI RIYADI, SE.', 'budiriyadi@pikosis', 'W3KTPM', 4, 'A3', 0),
(89, 'BUDI PRAPSILA, A.Md. ', 'budiprapsila@pilkosis', 'hAy6Z6', 4, 'A3', 0),
(90, 'LUVI IKHTIYARINI, A.Md.', 'luviikhtiyarini@pilkosis', 'dhQecU', 4, 'A3', 0),
(91, 'SITI AMINAH, S.I.Pust. ', 'sitiaminah@pilkosis', 'vo6ysx', 4, 'A3', 0),
(92, 'RITA DEWI KUSUMAWATI, S.Pd.', 'ritadewi@pilkosis', 'IKdHls', 4, 'A3', 0),
(93, 'FERIS KURNIYAWAN, S.Pd.Jas.', 'feriskurniyawan@pilkosis', 'I7MUm2', 3, 'A2', 0),
(94, 'AKHMAD YANUAR PRIHANDOYO, S.E. ', 'akhmadyanuar@pilkosis', 'ldkyyL', 4, 'A3', 0),
(95, 'NI`MATUN  KHOIRIYAH', 'nimatunkhoiriyah@pilkosis', 'BbIL7x', 4, 'A3', 0),
(96, 'NIKMATUN FAUZIAH, A.Md. ', 'nikmatunfauziah@pilkosis', 's81zBu', 4, 'A3', 0),
(97, 'SAEFUL ANWAR', 'saefulanwar@pilkosis', 'CaT4FD', 4, 'A3', 0),
(98, 'SITI MUNAWAROH, S.A.P', 'sitimunawaroh@pilkosis', 'vJia5W', 4, 'A3', 0),
(99, ' NURFATIMAH, A.Md.', 'nurfatimah@pilkosis', '9mnDaC', 4, 'A3', 0),
(100, 'BADRUN ', 'badrun@pilkosis', '2r93py', 4, 'A3', 0),
(101, 'M. SUJONO ', 'msujono@pilkosis', 'CFnKAm', 4, 'A3', 0),
(102, 'AHMAD FAOZAN', 'ahmadfaozan@pilkosis', 'qBE70f', 4, 'A3', 0),
(103, 'MUHTADO', 'muhtado@pilkosis', 'EW7hST', 4, 'A3', 0),
(104, ' TARDI', 'tardi@pilkosis', 'yNN0rk', 4, 'A3', 0),
(105, 'DARDIRI ', 'dardiri@pilkosis', 'GVTkgb', 4, 'A3', 0),
(106, 'INU YUWONO ', 'inuyuwono@pilkosis', '6hETPe', 4, 'A3', 0),
(107, 'AGUS INDARTO', 'agusindarto@pilkosis', 'sSaWEv', 4, 'A3', 0),
(108, ' FADIL MUBAROK', 'fadilmubarok@pilkosis', '6eLkBV', 4, 'A3', 0),
(109, 'ADE FATMAWATI', '15409', 'reSpA', 2, 'A', 0),
(110, 'ANINDA RAHMAH PUTRI', '15410', 'nErVA', 2, 'A', 0),
(111, 'ANIS FARIKHATUN NASOH', '15411', 'orPeR', 2, 'A', 0),
(112, 'ANIS TRI SEPTIANI', '15412', 'ORSeu', 2, 'A', 0),
(113, 'ANNISA NUR RIZKI', '15413', 'eniSH', 2, 'A', 0),
(114, 'BETA AMELIA', '15414', 'VanUA', 2, 'A', 0),
(115, 'DESTA APRIYANI PUTRI', '15415', 'TAbIt', 2, 'A', 0),
(116, 'DIVA MAYA', '15416', 'LFAnt', 2, 'A', 0),
(117, 'DYAH TRIHAPSARI WAHYONO', '15417', 'skenD', 2, 'A', 0),
(118, 'ERLINDA PRISNASARI', '15418', 'TUlus', 2, 'A', 0),
(119, 'FARHANI MUBAROKAH', '15419', 'aXIcA', 2, 'A', 0),
(120, 'FARHATUN NABILA', '15420', 'rPSYM', 2, 'A', 0),
(121, 'GITA PURWATI', '15421', 'TErYP', 2, 'A', 0),
(122, 'JATI NINGSIH', '15422', 'Datic', 2, 'A', 0),
(123, 'JUMIATI SOLIKHAH', '15423', 'MADan', 2, 'A', 0),
(124, 'LASTRI WAHYUNINGSIH', '15424', 'brAFl', 2, 'A', 0),
(125, 'MAHMUDAH KHOIRUNNISA', '15425', 'OtErT', 2, 'A', 0),
(126, 'MARSY ATIKAH', '15426', 'erfAb', 2, 'A', 0),
(127, 'NADA AYU LESTARI', '15427', 'ErKIS', 2, 'A', 0),
(128, 'NANA FITRIYANTI', '15428', 'OPeaR', 2, 'A', 0),
(129, 'NUR HIDAYATI', '15429', 'YgRen', 2, 'A', 0),
(130, 'NUR LAILA MA\'RIFAH', '15430', 'RItal', 2, 'A', 0),
(131, 'NUR LIANA', '15431', 'NIgIT', 2, 'A', 0),
(132, 'OKTAVIYANI EKA RAHMAWATI', '15432', 'iOLDi', 2, 'A', 0),
(133, 'RENI RAHMAWATI', '15433', 'loydr', 2, 'A', 0),
(134, 'RESTI WIDYANINGSIH', '15434', 'XTERT', 2, 'A', 0),
(135, 'RIZKA APRILIA', '15435', 'nZeRV', 2, 'A', 0),
(136, 'ROIDA FERA JULIANTI', '15436', 'MENdA', 2, 'A', 0),
(137, 'SAMIYAH NUR AMALIAH', '15437', 'IStAN', 2, 'A', 0),
(138, 'SANI NUR HIDAYAH', '15438', 'IsECI', 2, 'A', 0),
(139, 'SAVINA EKA FAUZATI', '15439', 'ESITA', 2, 'A', 0),
(140, 'SIFA HOKI KURNIA HIDAYAH', '15440', 'ItoIR', 2, 'A', 0),
(141, 'SITI MUNTAFINGAH', '15441', 'rackS', 2, 'A', 0),
(142, 'UMMUL FATIKHAH', '15442', 'xiSEM', 2, 'A', 0),
(143, 'WIWIN RUSTRI RAHAYU', '15443', 'HErnY', 2, 'A', 0),
(144, 'YULI ASTUTI', '15444', 'OrNTe', 2, 'A', 0),
(145, 'ADELIA PRIHATININGSIH', '15445', 'STrAm', 2, 'B', 0),
(146, 'ANISA NUR AZIZAH', '15446', 'GREaP', 2, 'B', 0),
(147, 'ANITA SUCIATI', '15447', 'YmAyL', 2, 'B', 0),
(148, 'ARINA ZAHROTUN NISWAKH', '15448', 'eVERi', 2, 'B', 0),
(149, 'AULIA PUTRI PRATIWI', '15449', 'crISH', 2, 'B', 0),
(150, 'BAYU ADI NUGROHO', '15450', 'nSKyJ', 2, 'B', 0),
(151, 'CINTAMI LIDYA SALSABILA', '15451', 'lupdr', 2, 'B', 0),
(152, 'DESTI ZAHWA ANGGITA', '15452', 'usPeT', 2, 'B', 0),
(153, 'DIANA ANISYA PUTRI', '15453', 'FANTy', 2, 'B', 0),
(154, 'DWI YULIANA AZIZAH', '15454', 'PiciV', 2, 'B', 0),
(155, 'EKA APRILIA PUTRI', '15455', 'UDIcI', 2, 'B', 0),
(156, 'ERINA NURHAYATI', '15456', 'NEspe', 2, 'B', 0),
(157, 'HIMATI MUYASAROH', '15457', 'grANk', 2, 'B', 0),
(158, 'IMELDA DWI AGUSTINA', '15458', 'TrICa', 2, 'B', 0),
(159, 'INDAH ROSALINA', '15459', 'TIOPh', 2, 'B', 0),
(160, 'JELITA NOVALINTINA', '15460', 'ItHOS', 2, 'B', 0),
(161, 'KHOLIFATUS SANGADAH', '15461', 'jeFaC', 2, 'B', 0),
(162, 'KHUSNUL FADILAH', '15462', 'MISTu', 2, 'B', 0),
(163, 'LAELI ANDINI FATUROHMAH', '15463', 'OPLUt', 2, 'B', 0),
(164, 'MA\'RIFATUN NISA', '15464', 'ouSIa', 2, 'B', 0),
(165, 'MEISYA FADILAH SYAHRANI', '15465', 'iPsOU', 2, 'B', 0),
(166, 'MEKAR ARUMBI', '15466', 'uaLcu', 2, 'B', 0),
(167, 'NEZALINA FEBRIYANI', '15467', 'TocIs', 2, 'B', 0),
(168, 'NURUL FITRIANI', '15468', 'DAlin', 2, 'B', 0),
(169, 'OKTIANA RAMADHANI', '15469', 'yeRiS', 2, 'B', 0),
(170, 'PUJI ASTUTI', '15470', 'Viusp', 2, 'B', 0),
(171, 'PUTRI RAHMA NURANI', '15471', 'rATer', 2, 'B', 0),
(172, 'QONITA QURROTUL A\'INIA', '15472', 'Terni', 2, 'B', 0),
(173, 'RESTI AFRILIASARI', '15473', 'anTeS', 2, 'B', 0),
(174, 'RISMA KRISTIANA', '15474', 'HOrdS', 2, 'B', 0),
(175, 'SAFIRA NUR JANAH', '15475', 'GEpor', 2, 'B', 0),
(176, 'SARI NUR ANGGRAENI', '15476', 'zalaD', 2, 'B', 0),
(177, 'SEFTI RAFI ASTUTI', '15477', 'UMAte', 2, 'B', 0),
(178, 'SISKA DESTASIA', '15478', 'Leoul', 2, 'B', 0),
(179, 'VERA INDRYAWANTI', '15479', 'oUtDo', 2, 'B', 0),
(180, 'WAHYU LINDASARI NUR KHOTIMAH', '15480', 'adhai', 2, 'B', 0),
(181, 'ALFIATUN KHASANAH', '15481', 'vESEn', 2, 'C', 0),
(182, 'ARI MASFUFAH', '15482', 'INIAn', 2, 'C', 0),
(183, 'ARNELITA RAGIL PUTRI', '15483', 'IDEnD', 2, 'C', 0),
(184, 'BAKHTIARANI NAILA FIRDAUSUNNIDA', '15484', 'nHaze', 2, 'C', 0),
(185, 'DELLA PRAMITA', '15485', 'rIspA', 2, 'C', 0),
(186, 'DINI AYU PUSPITA', '15486', 'FnIcK', 2, 'C', 0),
(187, 'DWI RAHMAWATI', '15487', 'mAnIt', 2, 'C', 0),
(188, 'EKA SURYANINGSIH', '15488', 'iGSto', 2, 'C', 0),
(189, 'ERIN SEPTI NURANI', '15489', 'inIoN', 2, 'C', 0),
(190, 'EVI FATIMAH', '15490', 'Reutr', 2, 'C', 0),
(191, 'FIRA ARUMNINGTYAS', '15491', 'liSHA', 2, 'C', 0),
(192, 'KAILILA NAJWA SEKAR KEDATON', '15492', 'atHER', 2, 'C', 0),
(193, 'KHASNA ISTINGANAH', '15493', 'GHtHy', 2, 'C', 0),
(194, 'KHOTIMATUNNISA', '15494', 'LiANG', 2, 'C', 0),
(195, 'KHUSNIYAH', '15495', 'HErYS', 2, 'C', 0),
(196, 'LAILA NUR QONITAH', '15496', 'ENEYe', 2, 'C', 0),
(197, 'LAILATUL MUBAROKAH', '15497', 'mUmEs', 2, 'C', 0),
(198, 'LEFTI DUWI RAHMASARI', '15498', 'toNSi', 2, 'C', 0),
(199, 'LITA INDRIYANINGSIH', '15499', 'IouST', 2, 'C', 0),
(200, 'NAJMAH JINAN NABILA', '15500', 'bRaRT', 2, 'C', 0),
(201, 'NIDA UL UMMAH', '15501', 'RoBUl', 2, 'C', 0),
(202, 'NUR AZIZAH', '15502', 'UrOTh', 2, 'C', 0),
(203, 'NUR BAYTI ROHIMAH', '15503', 'iMpti', 2, 'C', 0),
(204, 'NUR FARIDA', '15504', 'mATER', 2, 'C', 0),
(205, 'OKTI WAHYU ARYANI', '15505', 'cKErv', 2, 'C', 0),
(206, 'RANI HANS AKBR VALENTINA', '15506', 'COtoN', 2, 'C', 0),
(207, 'REIVANI ADELIA PUTRI', '15507', 'Instr', 2, 'C', 0),
(208, 'RISKA AMALIA', '15508', 'eCtrA', 2, 'C', 0),
(209, 'SITI NURKHOTIJAH', '15509', 'oNcRY', 2, 'C', 0),
(210, 'SITI WAFIROTUL LATIFAH', '15510', 'rOnai', 2, 'C', 0),
(211, 'SOLIKHATIN', '15511', 'einEZ', 2, 'C', 0),
(212, 'SRI ASTUTI', '15512', 'TrosT', 2, 'C', 0),
(213, 'WIDIA PRAGUSTIN', '15513', 'eList', 2, 'C', 0),
(214, 'WIDYA PRIANINGSIH', '15514', 'kANYP', 2, 'C', 0),
(215, 'YULIANA ANGGRAENI', '15515', 'saMeR', 2, 'C', 0),
(216, 'ZIDNA RIFALA NARAPRAYA', '15516', 'DAIrg', 2, 'C', 0),
(217, 'ALFIYAH', '15517', 'SYnaL', 2, 'D', 0),
(218, 'AMELIA PUTRI WULANDARI', '15518', 'CauSt', 2, 'D', 0),
(219, 'ANNISA SILVA FADHILLAH', '15519', 'cZetE', 2, 'D', 0),
(220, 'DESTI NUR ROHMAH', '15520', 'ogNeR', 2, 'D', 0),
(221, 'DIAN MUJIATI', '15521', 'BRiTE', 2, 'D', 0),
(222, 'DIFA NURAENI', '15522', 'PLuGE', 2, 'D', 0),
(223, 'FAJAR BARLIANA', '15523', 'AsHyd', 2, 'D', 0),
(224, 'FENDA SILFIANA FEBRIANTI', '15524', 'PrOle', 2, 'D', 0),
(225, 'FIRA ISMA WARDANI', '15525', 'tRaNt', 2, 'D', 0),
(226, 'FITRIANA DWI LESTARI', '15526', 'oStON', 2, 'D', 0),
(227, 'HAJRI SOFIA ULFA', '15527', 'OMimS', 2, 'D', 0),
(228, 'IKLIMA SALSABILA', '15528', 'liNge', 2, 'D', 0),
(229, 'JESICHA ALENTHA CHRISTI', '15529', 'OmORT', 2, 'D', 0),
(230, 'KHOLISOTUL MUJAYANAH', '15530', 'CHeRs', 2, 'D', 0),
(231, 'KHURIN SOFIAL MALA', '15531', 'DeOuS', 2, 'D', 0),
(232, 'KUSMIYATI', '15532', 'orThI', 2, 'D', 0),
(233, 'LULU RISKYASIH', '15533', 'feGOu', 2, 'D', 0),
(234, 'LUTVIANA SUBAROKAH', '15534', 'alEge', 2, 'D', 0),
(235, 'MUNGAROFAH', '15535', 'eNtoR', 2, 'D', 0),
(236, 'NADA MARWA NAFILAH', '15536', 'LoGrE', 2, 'D', 0),
(237, 'NGIFAH SAFITRI', '15537', 'EATic', 2, 'D', 0),
(238, 'NINDA SARA FADILLA', '15538', 'fULKI', 2, 'D', 0),
(239, 'NISRIINAA ARIIJ LIFANI', '15539', 'YstAb', 2, 'D', 0),
(240, 'NUR KHAFIDAH', '15540', 'EURdh', 2, 'D', 0),
(241, 'NURUL SYAHRO ROMADHONI', '15541', 'OUSEc', 2, 'D', 0),
(242, 'PUTRI IRMAWATI', '15542', 'CIpUl', 2, 'D', 0),
(243, 'RATNA OKTAVIA', '15543', 'OPKis', 2, 'D', 0),
(244, 'RISMA ARISTYA AHSAN', '15544', 'brogO', 2, 'D', 0),
(245, 'RIVIANA HANINGTYAS YULIASTI', '15545', 'maOck', 2, 'D', 0),
(246, 'SEFLIA CITRA CINDY TAHTALIWA', '15546', 'eMnIb', 2, 'D', 0),
(247, 'SIFA LAILIYAH', '15547', 'tiONC', 2, 'D', 0),
(248, 'SILVIA WULANDARI', '15548', 'eRyOr', 2, 'D', 0),
(249, 'SITI NUR HAMIDAH', '15549', 'oUSKY', 2, 'D', 0),
(250, 'UNANG FATIMAH', '15550', 'oUSEq', 2, 'D', 0),
(251, 'VIKA KHUSNA AFIFAH', '15551', 'RWorw', 2, 'D', 0),
(252, 'VIVIAN DINNA LUNAR', '15552', 'cRaNT', 2, 'D', 0),
(253, 'ALFINA ZAHRANI', '15553', 'BApIT', 2, 'E', 0),
(254, 'AMELIANA AZHARI', '15554', 'OgaIs', 2, 'E', 0),
(255, 'CICI FEBRIANA', '15555', 'biELH', 2, 'E', 0),
(256, 'DESTAMI AZAHRO', '15556', 'LaTeR', 2, 'E', 0),
(257, 'FADHILAH OKTAVIANA', '15557', 'ESmiL', 2, 'E', 0),
(258, 'FATKHUR ROHMAH', '15558', 'ntrAp', 2, 'E', 0),
(259, 'FATMA NAFISAH', '15559', 'egRaf', 2, 'E', 0),
(260, 'FIRDA INDAH RAMADHANI', '15560', 'pirLi', 2, 'E', 0),
(261, 'GALUH PRIHATIN', '15561', 'acheM', 2, 'E', 0),
(262, 'HANI HANIFAH', '15562', 'leNcE', 2, 'E', 0),
(263, 'HAWA DAMAIKA', '15563', 'IsMou', 2, 'E', 0),
(264, 'HIKMAHTUL HUSNA', '15564', 'DErdN', 2, 'E', 0),
(265, 'IMELDA EKA SEPTYANI', '15565', 'IBLef', 2, 'E', 0),
(266, 'INDAH AYU PITALOKA', '15566', 'KItOp', 2, 'E', 0),
(267, 'LIA NUR SAFITRI', '15567', 'VEraw', 2, 'E', 0),
(268, 'LUDFIA RISKI APRILIA', '15568', 'portZ', 2, 'E', 0),
(269, 'MA\'RIFATUN ANISAH', '15569', 'MONOT', 2, 'E', 0),
(270, 'MEYLAN FATIHAH', '15570', 'pRieF', 2, 'E', 0),
(271, 'NAFA AIS`AHNA MAULIDA', '15571', 'neMBa', 2, 'E', 0),
(272, 'NIA JULIANTY', '15572', 'Epeto', 2, 'E', 0),
(273, 'NIKEN AYUNINGTYAS', '15573', 'eadEv', 2, 'E', 0),
(274, 'NIKEN LARASATI', '15574', 'xentr', 2, 'E', 0),
(275, 'PUAN DWI PINASTY', '15575', 'eGrAv', 2, 'E', 0),
(276, 'PUTRI AFRIANA SUSANTI', '15576', 'ineBe', 2, 'E', 0),
(277, 'PUTRI AGUSTINA', '15577', 'NDbAs', 2, 'E', 0),
(278, 'RISMAYA DEWI', '15578', 'ansAL', 2, 'E', 0),
(279, 'RIZKA DWI RIANDA', '15579', 'LiTep', 2, 'E', 0),
(280, 'SIFA TRI LESTARI', '15580', 'TElPh', 2, 'E', 0),
(281, 'SITI MUYASSAROH', '15581', 'UlSoI', 2, 'E', 0),
(282, 'SITI ROJABIYATI SOFIYANI', '15582', 'waRAc', 2, 'E', 0),
(283, 'SOFIA LORENSYAH', '15583', 'RalVE', 2, 'E', 0),
(284, 'TITA HANALIZA KHALIFAH', '15584', 'nFect', 2, 'E', 0),
(285, 'VEMI RAHMADANI', '15585', 'ParQU', 2, 'E', 0),
(286, 'WAHYU FITROH WIDOHIR', '15586', 'ECorB', 2, 'E', 0),
(287, 'WAHYU WULANDARI', '15587', 'epHia', 2, 'E', 0),
(288, 'YENI HASTUTI', '15588', 'arGlO', 2, 'E', 0),
(289, 'ANISA LESTARI', '15589', 'aiNmo', 2, 'F', 0),
(290, 'ATHA SRI MARDATI', '15590', 'wEsti', 2, 'F', 0),
(291, 'DEVITA ROSA PATMAWATI', '15591', 'aNito', 2, 'F', 0),
(292, 'DINI APRILIA FIRDAUS', '15592', 'ceTUr', 2, 'F', 0),
(293, 'ELITA FAJRIYAH', '15593', 'RUStR', 2, 'F', 0),
(294, 'ELSA OKTAVIA', '15594', 'nsISH', 2, 'F', 0),
(295, 'ENI MUMBAGIYAH', '15595', 'cheNt', 2, 'F', 0),
(296, 'ERLINA NAHARIYAH', '15596', 'ALksM', 2, 'F', 0),
(297, 'ERMA SAPUTRI', '15597', 'oMEnA', 2, 'F', 0),
(298, 'ESTRI DIAN SAFITRI', '15598', 'cIaNi', 2, 'F', 0),
(299, 'ETTI ENDARWATI', '15599', 'Calig', 2, 'F', 0),
(300, 'FARHANAH', '15600', 'aCebI', 2, 'F', 0),
(301, 'FINA FATIRA SALSABILA', '15601', 'egesT', 2, 'F', 0),
(302, 'HELMALIA MELKY PRATIWI', '15602', 'haScO', 2, 'F', 0),
(303, 'INAYATUL MULKI', '15603', 'iNiuM', 2, 'F', 0),
(304, 'INDAH WAHYUNINGSIH', '15604', 'cOVAL', 2, 'F', 0),
(305, 'IVI AMELIA', '15605', 'TIoNd', 2, 'F', 0),
(306, 'LULU ATUS SOLIKHAH', '15606', 'SELEC', 2, 'F', 0),
(307, 'MEI RAKHMAWATI', '15607', 'nEley', 2, 'F', 0),
(308, 'MEI SUSANTI', '15608', 'AsONu', 2, 'F', 0),
(309, 'MIFTAKHUR ROKHMAH', '15609', 'IAMpI', 2, 'F', 0),
(310, 'NADIA ISNAENI', '15610', 'EStER', 2, 'F', 0),
(311, 'NAILATUL FADILAH', '15611', 'nytON', 2, 'F', 0),
(312, 'NAVITA NUR FAUZIAH', '15612', 'EctoL', 2, 'F', 0),
(313, 'NURUL BAETI', '15613', 'FinGE', 2, 'F', 0),
(314, 'REGINA CAHYA DIANINGSIH', '15614', 'kIsmA', 2, 'F', 0),
(315, 'SEFI IZAIYAH', '15615', 'lIquA', 2, 'F', 0),
(316, 'SELVI TRI ANDRIYANI', '15616', 'OdoRa', 2, 'F', 0),
(317, 'SILFIA SETIA NINGSIH', '15617', 'TiNDO', 2, 'F', 0),
(318, 'SINTA ABABIL', '15618', 'HiSmE', 2, 'F', 0),
(319, 'SITI MUSTAMIROTUN KHASANAH', '15619', 'dewAG', 2, 'F', 0),
(320, 'SULIS SETIANINGRUM', '15620', 'oPHEr', 2, 'F', 0),
(321, 'TABITHA PASHA REYNA', '15115', 'ACIoN', 2, 'F', 0),
(322, 'TANTI DWI INDRIATI', '15621', 'TUaVe', 2, 'F', 0),
(323, 'VIKA SUMARYANINGSIH', '15622', 'onQuo', 2, 'F', 0),
(324, 'ZAHRO NUR ALIKA PUTRI', '15623', 'ctOse', 2, 'F', 0),
(325, 'ANIFAH', '15624', 'kEtCh', 2, 'G', 0),
(326, 'ARTIKA SASI NURAINI', '15625', 'BLaMY', 2, 'G', 0),
(327, 'AYU LESTARI', '15626', 'LyHoB', 2, 'G', 0),
(328, 'CITRA NUR LAELA AGUSTIN', '15627', 'SIASY', 2, 'G', 0),
(329, 'DESI DWI KURNIASARI', '15628', 'AntAt', 2, 'G', 0),
(330, 'DEVINA KHASUNAH PUTRI', '15629', 'fIdAL', 2, 'G', 0),
(331, 'DEWI NOVIYA NURIYASARI', '15630', 'RantE', 2, 'G', 0),
(332, 'DINA NOVIANTI', '15631', 'ReDwI', 2, 'G', 0),
(333, 'DWI AZKA ROSYIDA', '15632', 'NANde', 2, 'G', 0),
(334, 'ERNI KURNIASIH', '15633', 'Ightg', 2, 'G', 0),
(335, 'FANIA SAFRI ZAHRANI', '15634', 'FARiK', 2, 'G', 0),
(336, 'FIKI ANISTUZ ZAHROH', '15635', 'peOul', 2, 'G', 0),
(337, 'GRACE WULANDARI SIMANUNGKALIT', '15636', 'ImBet', 2, 'G', 0),
(338, 'ISMI AMALIAH', '15637', 'Iseng', 2, 'G', 0),
(339, 'LAILI SEPTIYANINGSIH', '15638', 'POsTI', 2, 'G', 0),
(340, 'MELIANA WURI ASTUTI', '15639', 'RIOuS', 2, 'G', 0),
(341, 'MELVINA ULI KARTIKA', '15640', 'sENho', 2, 'G', 0),
(342, 'MEYLIA NILA ANGGRAENI', '15641', 'EMatE', 2, 'G', 0),
(343, 'NABIILATUZ ZAHROH', '15642', 'SMIta', 2, 'G', 0),
(344, 'NATASYA SYAFA AZ\'ZAHRA', '15643', 'HOUEl', 2, 'G', 0),
(345, 'NOVA ANANDA SYAFITRI', '15644', 'MANtI', 2, 'G', 0),
(346, 'NUR INDAH KURNIASIH', '15645', 'enThy', 2, 'G', 0),
(347, 'NUR KHOTIMAH', '15646', 'OrAnE', 2, 'G', 0),
(348, 'NURLIANI SANARJA PUTRI', '15647', 'apHEw', 2, 'G', 0),
(349, 'NURUL HIDAYAH', '15648', 'eTisH', 2, 'G', 0),
(350, 'NURUL ULIL HIDAYAH', '15649', 'ARSTR', 2, 'G', 0),
(351, 'PUTRI ABDILLAH', '15650', 'eNTiL', 2, 'G', 0),
(352, 'ROIHATUL JANAH', '15651', 'tswat', 2, 'G', 0),
(353, 'RUFI ZAHARA KIRANI', '15652', 'IbLey', 2, 'G', 0),
(354, 'SANTI MULYANI', '15653', 'SurTO', 2, 'G', 0),
(355, 'SITA NUR AZIZAH', '15654', 'lantU', 2, 'G', 0),
(356, 'SUCI RAHMADANI', '15655', 'tlomP', 2, 'G', 0),
(357, 'SYADZA NADA SHAFA', '15656', 'uLaST', 2, 'G', 0),
(358, 'SYLVIA KURNIASARI', '15657', 'dOMBE', 2, 'G', 0),
(359, 'UNI FATCHUROHMAH', '15658', 'NvalE', 2, 'G', 0),
(360, 'ZALSA BILLA ANDINI', '15659', 'TOeva', 2, 'G', 0),
(361, 'ADINDA PUTRICYA DHIMA SALSABYLA', '15660', 'isTUl', 2, 'H', 0),
(362, 'ALFI AJIZAH AGUSTIN', '15661', 'UrEgA', 2, 'H', 0),
(363, 'ANIDA HANDAYANI', '15662', 'INeSt', 2, 'H', 0),
(364, 'ARUM NUR RAHMAWATI', '15663', 'ndECI', 2, 'H', 0),
(365, 'DINA KRISTIANA', '15664', 'IsmeN', 2, 'H', 0),
(366, 'DINA SUSANTI', '15665', 'gIDEc', 2, 'H', 0),
(367, 'DWI PUSPITA SARI', '15666', 'RanTh', 2, 'H', 0),
(368, 'EFI SUCI ASIH', '15667', 'DBURP', 2, 'H', 0),
(369, 'FAIQOTUL MASLAHAH', '15668', 'dLiNC', 2, 'H', 0),
(370, 'FATIN NUR AFIFAH', '15669', 'comye', 2, 'H', 0),
(371, 'FITRA RIZKY PRATAMA', '15670', 'Octio', 2, 'H', 0),
(372, 'GALUH SITA ARYANI', '15671', 'nAMpt', 2, 'H', 0),
(373, 'HANUM DWI KHASANAH', '15672', 'athMi', 2, 'H', 0),
(374, 'HARTI ASTUTI', '15673', 'oStIo', 2, 'H', 0),
(375, 'HILDA AGUSETIASIH ARYANTI', '15674', 'ftAch', 2, 'H', 0),
(376, 'INTAN NUR KARIMAH', '15675', 'KInGE', 2, 'H', 0),
(377, 'KAMELIA KASIH', '15676', 'maxoR', 2, 'H', 0),
(378, 'KHOFIFATUN NASIHAH', '15677', 'YLish', 2, 'H', 0),
(379, 'LIANI SARI', '15678', 'tranD', 2, 'H', 0),
(380, 'LINA NUR JANAH', '15679', 'sONGE', 2, 'H', 0),
(381, 'LISA AMALIA FITROH', '15680', 'cuNtR', 2, 'H', 0),
(382, 'MURTIATI RAHAYU', '15681', 'onomp', 2, 'H', 0),
(383, 'NOVIRA FAJRIA SOLIKHAH', '15682', 'atfuL', 2, 'H', 0),
(384, 'NURMALA BINTARA WATI', '15683', 'NCEPt', 2, 'H', 0),
(385, 'RAHMA HAIRUNNISA REGITA PUTRI', '15684', 'WUPSy', 2, 'H', 0),
(386, 'ROSSA AULIA IBRAHIM', '15685', 'ENTaB', 2, 'H', 0),
(387, 'SAFITRI', '15686', 'oPORi', 2, 'H', 0),
(388, 'SITI KHOEROTUN NISA', '15687', 'VerNE', 2, 'H', 0),
(389, 'SUCI AYU LESTARI', '15688', 'TORbi', 2, 'H', 0),
(390, 'TRI WAHYUNI', '15689', 'IcAtc', 2, 'H', 0),
(391, 'UMI AINATUN', '15690', 'cHuRN', 2, 'H', 0),
(392, 'VERA RINALDY', '15691', 'oGRoU', 2, 'H', 0),
(393, 'WINDA JUNIARTI', '15692', 'SIsaN', 2, 'H', 0),
(394, 'WIWIT INDAH LESTARI', '15693', 'ELduk', 2, 'H', 0),
(395, 'YUMNA HAYA AMANIA', '15694', 'isIOs', 2, 'H', 0),
(396, 'YUNARI EKA SAPUTRI', '15695', 'lMEde', 2, 'H', 0),
(397, 'AMALIA NURUL FIKOH', '15696', 'fREvI', 2, 'I', 0),
(398, 'ANGGITA DEVIYANTI', '15697', 'corsi', 2, 'I', 0),
(399, 'ANISAH AFFIFIYAH', '15698', 'UNgLE', 2, 'I', 0),
(400, 'ANNISA NAWWAR', '15699', 'RSiNu', 2, 'I', 0),
(401, 'APRILYANA MEIDA', '15700', 'aTitY', 2, 'I', 0),
(402, 'ARWI KHOERIL BARIYAH', '15701', 'chMON', 2, 'I', 0),
(403, 'ASRI NANDA RAHMAELIA', '15702', 'ONeSE', 2, 'I', 0),
(404, 'BELLA NABILA', '15703', 'oPHON', 2, 'I', 0),
(405, 'CAHYA INTAN APRILIYA', '15704', 'aNelI', 2, 'I', 0),
(406, 'DEVI TRI LESTARI', '15705', 'iNetI', 2, 'I', 0),
(407, 'DEVITA QUEEN', '15706', 'smaIL', 2, 'I', 0),
(408, 'DIKE PURNAMASARI', '15707', 'TeRCH', 2, 'I', 0),
(409, 'DINDA MAY CAHYANTI', '15708', 'oNiPe', 2, 'I', 0),
(410, 'DIVA MAGHRIBIANINGRUM NISRINA', '15709', 'OkSON', 2, 'I', 0),
(411, 'DWI INTAN NUR\'AINI', '15710', 'UniDe', 2, 'I', 0),
(412, 'ELSA NUR AENI', '15711', 'MYchE', 2, 'I', 0),
(413, 'EVRI RUSFITA ANDINI', '15712', 'stRin', 2, 'I', 0),
(414, 'FATIMAH UMI ABI\'AH', '15713', 'nDiTE', 2, 'I', 0),
(415, 'FITRI NOVIKASARI', '15714', 'lEhOs', 2, 'I', 0),
(416, 'IKA WIDYANINGSIH', '15715', 'oRETH', 2, 'I', 0),
(417, 'KHAFIDLOH', '15716', 'ircHo', 2, 'I', 0),
(418, 'KHIKMATUL MAULIDA', '15717', 'pRoSP', 2, 'I', 0),
(419, 'KHOLIDA TISA ZAHARA', '15718', 'NceRE', 2, 'I', 0),
(420, 'KURNIA NURROHMAH', '15719', 'nsIdG', 2, 'I', 0),
(421, 'MARLINDA ELVA RIZKIANA', '15720', 'LimPG', 2, 'I', 0),
(422, 'NAJWA RAHMASARI', '15721', 'iBOra', 2, 'I', 0),
(423, 'NURJANNAH', '15722', 'SAUsY', 2, 'I', 0),
(424, 'OKTA NUR HIDAYATI', '15723', 'aNuCe', 2, 'I', 0),
(425, 'REVINA ADILLA MADJID', '15724', 'aCQua', 2, 'I', 0),
(426, 'SITI KHABIBAH', '15725', 'triTy', 2, 'I', 0),
(427, 'SRIFELIA WULANDARI', '15726', 'abibE', 2, 'I', 0),
(428, 'TASYA SEPTIANA DEWI', '15727', 'nSIgI', 2, 'I', 0),
(429, 'TIARA KUSUMAWARDANI', '15728', 'ivAkE', 2, 'I', 0),
(430, 'UMI SOLIKHAH', '15729', 'RoPOl', 2, 'I', 0),
(431, 'VIVI UNI SAPUTRI', '15730', 'HApLa', 2, 'I', 0),
(432, 'YUNITA NURUL HIKMAH', '15731', 'CtUer', 2, 'I', 0),
(433, 'ALFI NUR AZIZAH ', '15732', 'TaLHO', 2, 'J', 0),
(434, 'ANA BAROKAH ', '15733', 'HrOve', 2, 'J', 0),
(435, 'ANISA ULIN NI\'MAH ', '15734', 'WortR', 2, 'J', 0),
(436, 'DEVITA SETYANINGRUM ', '15735', 'RoyDn', 2, 'J', 0),
(437, 'DEWI KAMALIAH ', '15736', 'ieRsO', 2, 'J', 0),
(438, 'DINI SAPUTRI', '15737', 'eptIE', 2, 'J', 0),
(439, 'DWI QUROTU A\'INI', '15738', 'tERNa', 2, 'J', 0),
(440, 'EKA AMELIA SAFITRI', '15739', 'stErI', 2, 'J', 0),
(441, 'ERNI LISTIOWATI ', '15740', 'acede', 2, 'J', 0),
(442, 'FATIMATUS SADIA', '15741', 'MOnGe', 2, 'J', 0),
(443, 'FELIA INDRIANTI', '15742', 'IonTE', 2, 'J', 0),
(444, 'FENI ARIYANTI', '15743', 'cHSaV', 2, 'J', 0),
(445, 'GITA APRILIA', '15744', 'IGRAn', 2, 'J', 0),
(446, 'HENI AGNESTIA HIDAYANTI', '15745', 'hAsPh', 2, 'J', 0),
(447, 'HIKMATUL KHASANAH ', '15746', 'erGeN', 2, 'J', 0),
(448, 'JARIYATUN NAIMAH  ', '15747', 'uRgEs', 2, 'J', 0),
(449, 'JENI FADILATUNNISA ', '15748', 'YLven', 2, 'J', 0),
(450, 'KHULSUM MULDANINGSIH ', '15749', 'SubLe', 2, 'J', 0),
(451, 'LINDA KHARISMA ', '15750', 'akEyb', 2, 'J', 0),
(452, 'LUSI ARIYANI ', '15751', 'Fanca', 2, 'J', 0),
(453, 'NAURA DUROTUL QORINA', '15752', 'tRIat', 2, 'J', 0),
(454, 'NILNA FAIZATUL MAKHFIROH', '15753', 'isIoN', 2, 'J', 0),
(455, 'NOVELIA DWI ANGGRAENI', '15754', 'erThR', 2, 'J', 0),
(456, 'NUR KHOMSATIN ROHMAH ', '15755', 'CKyRd', 2, 'J', 0),
(457, 'NUR LAILIYAH ', '15756', 'ViNge', 2, 'J', 0),
(458, 'RIMA FEBRIANTI', '15757', 'soRTe', 2, 'J', 0),
(459, 'RINA DWI ARTIKA', '15758', 'NOIST', 2, 'J', 0),
(460, 'RYANDINI AULIA PUTRI', '15759', 'IboXi', 2, 'J', 0),
(461, 'SEPTI SINTIANINGRUM', '15760', 'aXYGE', 2, 'J', 0),
(462, 'SILVI ARIANNA', '15761', 'iaBst', 2, 'J', 0),
(463, 'SILVI ARIANTI', '15762', 'NLitI', 2, 'J', 0),
(464, 'SITI NURHANIKMAH ', '15763', 'SdAto', 2, 'J', 0),
(465, 'ULFA SAFARINA ', '15764', 'eGoEs', 2, 'J', 0),
(466, 'UMMI NABILAH RIHHADATUL \'AISY', '15765', 'iEcin', 2, 'J', 0),
(467, 'ZULFA MAHFIROH ', '15766', 'FaCHI', 2, 'J', 0),
(468, 'ZULFIA AMIRANTI', '15767', 'WAymE', 2, 'J', 0),
(469, 'ALFIN YUSRIL HUSNA', '15768', 'YSTOV', 2, 'K', 0),
(470, 'ASNA ZALFA ARIFAH', '15769', 'ErFiZ', 2, 'K', 0),
(471, 'ASYIFAUS SALMA', '15770', 'oPeRy', 2, 'K', 0),
(472, 'AYU AULIA RAHMAWATI', '15771', 'EtATi', 2, 'K', 0),
(473, 'AZZALIA AZZAHRA', '15772', 'PAIst', 2, 'K', 0),
(474, 'DEA DIYANI ARDHIKA', '15773', 'uvIet', 2, 'K', 0),
(475, 'DIAZ VEGA HEAVEN NARESWARA', '15774', 'bUGht', 2, 'K', 0),
(476, 'DURROTUN NAFISAH', '15775', 'hIsho', 2, 'K', 0),
(477, 'EKA NUR ALWIANINGSIH', '15776', 'ubMIG', 2, 'K', 0),
(478, 'ENDAH DWI ASTUTI', '15777', 'oGrEA', 2, 'K', 0),
(479, 'FADHILLAH LUTHFI', '15778', 'oiRaP', 2, 'K', 0),
(480, 'FARIH ISNA SABILA', '15779', 'lFORi', 2, 'K', 0),
(481, 'FARIHATUL FAUZIYAH', '15780', 'iongA', 2, 'K', 0),
(482, 'FITRI LESTARI', '15781', 'eTERY', 2, 'K', 0),
(483, 'FITROH EMILIA YAHYA', '15782', 'oRIDg', 2, 'K', 0),
(484, 'GITA RIMA PUSPITASARI', '15783', 'ArDAr', 2, 'K', 0),
(485, 'ILHAM BACHTIAR', '15784', 'giNDu', 2, 'K', 0),
(486, 'KHUSNATUN LINA FITRI', '15785', 'LueTi', 2, 'K', 0),
(487, 'LILIS SETIANINGSIH', '15786', 'oxYgr', 2, 'K', 0),
(488, 'MALISA SULISTIANA ANGGRAENI', '15787', 'UMAng', 2, 'K', 0),
(489, 'MISBAHUL IKHSAN', '15788', 'biTHO', 2, 'K', 0),
(490, 'MUTHIA CAHYA APRILIANI', '15789', 'sIVer', 2, 'K', 0),
(491, 'MUTI FITROTUN MA\'RIFAH', '15790', 'CARPr', 2, 'K', 0),
(492, 'NABILAH JASMINE RISANDY', '15791', 'AntRY', 2, 'K', 0),
(493, 'NELI RAHMAWATI', '15792', 'hEATu', 2, 'K', 0),
(494, 'NINDITA SARANONI', '15793', 'oGeNt', 2, 'K', 0),
(495, 'NUR AZIZAH', '15794', 'SEYSI', 2, 'K', 0),
(496, 'PANJI KURNIAWAN', '15795', 'ALeVE', 2, 'K', 0),
(497, 'RETNO WATI', '15796', 'EDAIn', 2, 'K', 0),
(498, 'RIZA MUTIARANI', '15797', 'drype', 2, 'K', 0),
(499, 'SINTA ADELIA', '15798', 'Lairc', 2, 'K', 0),
(500, 'SULISTYO AGAM SAPUTRA', '15799', 'nesTA', 2, 'K', 0),
(501, 'VELISA AGUSTINA', '15800', 'SiNOU', 2, 'K', 0),
(502, 'WITRI ASTUTIK', '15801', 'eReSC', 2, 'K', 0),
(503, 'YUWANDA FARHAN', '15802', 'SGSBu', 2, 'K', 0),
(504, 'ZULAIHA ASTRID SETIANI', '15803', 'PAGeP', 2, 'K', 0),
(505, 'ALIFIA SYAFANA KHIKMAH', '15804', 'ULEoL', 2, 'L', 0),
(506, 'ALYA SALSABILA ZAHRA', '15805', 'tRiLE', 2, 'L', 0),
(507, 'AMELIA EKA PUTRI', '15806', 'vREdu', 2, 'L', 0),
(508, 'ANGGI YULIA RACHMAH', '15807', 'EuMSy', 2, 'L', 0),
(509, 'ANITA FEBRIANI SAPUTRI', '15808', 'MiNAT', 2, 'L', 0),
(510, 'ASISKA RIYANDANI', '15809', 'SHemY', 2, 'L', 0),
(511, 'AZZAM ZAIN ZAIDAN SUDIYONO', '15810', 'PORMo', 2, 'L', 0),
(512, 'CAHYANIA ARIFA', '15811', 'aNter', 2, 'L', 0),
(513, 'DILA CATUR FEBRIYANTI', '15812', 'SnAth', 2, 'L', 0),
(514, 'DINI ISFIANTI', '15813', 'ThwAI', 2, 'L', 0),
(515, 'DITHA ELITA PUTRI', '15814', 'bLOse', 2, 'L', 0),
(516, 'FERLI NUR HARIYATI', '15815', 'NdYMp', 2, 'L', 0),
(517, 'FITRI INDAH AYU LESTARI', '15816', 'NitEr', 2, 'L', 0),
(518, 'FUZA ISTIQLALA', '15817', 'SMEnT', 2, 'L', 0),
(519, 'IMROATUN SALIMAH', '15818', 'iumEn', 2, 'L', 0),
(520, 'INNES DWI WINDIARSIH', '15819', 'RPSiS', 2, 'L', 0),
(521, 'KHOFIFAH ANGGRAENI', '15820', 'sChER', 2, 'L', 0),
(522, 'MAOLI ANGGRAENI', '15821', 'fAiSt', 2, 'L', 0),
(523, 'MAULINDA KURNIA SARI', '15822', 'lARaN', 2, 'L', 0),
(524, 'MUFIDATUNNISA', '15823', 'nCheT', 2, 'L', 0),
(525, 'NASMI ASTUTI', '15824', 'ForvE', 2, 'L', 0),
(526, 'NUR ALIFAH', '15825', 'arMOr', 2, 'L', 0),
(527, 'NURUL HIDAYAH', '15826', 'eYSiB', 2, 'L', 0),
(528, 'RAHMA IDA DWI CAHYANTIKA', '15827', 'VeYDR', 2, 'L', 0),
(529, 'RESTY BINTANG AULIA ALVIANI', '15828', 'NderE', 2, 'L', 0),
(530, 'RIZKITA ANANDA', '15829', 'orest', 2, 'L', 0),
(531, 'SEPTI LUTVIANA', '15830', 'MIlDN', 2, 'L', 0),
(532, 'SILVIA RAMADHANI', '15831', 'CAryP', 2, 'L', 0),
(533, 'SOLIKHATUN', '15832', 'lYtOn', 2, 'L', 0),
(534, 'SYALUNG RAHMAYANI', '15833', 'iCKEt', 2, 'L', 0),
(535, 'TESHA AMELLIA', '15834', 'mEtEL', 2, 'L', 0),
(536, 'TRETES DAMAR JATI', '15835', 'HEsTE', 2, 'L', 0),
(537, 'TRI WAHYUNINGSIH', '15836', 'EnSUa', 2, 'L', 0),
(538, 'VANI PUSPA DEWI', '15837', 'lITIV', 2, 'L', 0),
(539, 'VENISA RADHIKA ZAHRANI', '15838', 'ICach', 2, 'L', 0),
(540, 'YULI ISTIKOMAH', '15839', 'scERa', 2, 'L', 0),
(541, 'ADE AYU NUR WAHYUNI', '15840', 'lusta', 2, 'M', 0),
(542, 'AFNI TSABITATUN NISA', '15841', 'IoUnI', 2, 'M', 0),
(543, 'AULIYA USWAH RIADI', '15842', 'ampAC', 2, 'M', 0),
(544, 'DEWI SALMA SALSABILA', '15843', 'pODiA', 2, 'M', 0),
(545, 'FAIZAL JEFRIN AL DIANSYAH', '15844', 'oMpRI', 2, 'M', 0),
(546, 'FAJRIYATUN NAFIAH', '15845', 'menTi', 2, 'M', 0),
(547, 'FARIIDAH AYU SAPUTRI', '15846', 'WIzaR', 2, 'M', 0),
(548, 'FATIKA RACHMAWATI', '15847', 'chIAT', 2, 'M', 0),
(549, 'FEBRYNA NURUL CAHYANI', '15848', 'ShwAP', 2, 'M', 0),
(550, 'FIINA IDAAMATUS SILMI', '15849', 'EsTRI', 2, 'M', 0),
(551, 'FINA IZATUL M', '15850', 'viSTA', 2, 'M', 0),
(552, 'FIRDA NGATIATUS TSALITSAH', '15851', 'cUNDE', 2, 'M', 0),
(553, 'INTAN SAFITRI', '15852', 'TIANU', 2, 'M', 0),
(554, 'IRMA FITRIANA HAQIQI', '15853', 'aVeGR', 2, 'M', 0),
(555, 'KEZIA AYU NADIA', '15854', 'ilEnT', 2, 'M', 0),
(556, 'KHANIFAH TSANI LAILI WARHANI', '15855', 'boWaD', 2, 'M', 0),
(557, 'KUNNI HAFIFAH', '15856', 'TyPTo', 2, 'M', 0),
(558, 'MAFAAZATUL HASANAH', '15857', 'quATE', 2, 'M', 0),
(559, 'MARSHA ZALIKA', '15858', 'laTSb', 2, 'M', 0),
(560, 'NABILA RISNANDYTA', '15859', 'wyMeN', 2, 'M', 0),
(561, 'NAELU SHIFA', '15860', 'QUORT', 2, 'M', 0),
(562, 'NANDA LIASTI', '15861', 'abSEr', 2, 'M', 0),
(563, 'NIDA RAHMA NABILAH', '15862', 'foyOr', 2, 'M', 0),
(564, 'NOVIA FADHILATUN AFIFAH', '15863', 'inSHo', 2, 'M', 0),
(565, 'NANA ABDUL MALIK', '15864', 'iNAND', 2, 'M', 0),
(566, 'OLIVIA NUR ZAKIYAH', '15865', 'aiGre', 2, 'M', 0),
(567, 'RUULIYANAH FITROTUN NISA\'', '15866', 'NSTaC', 2, 'M', 0),
(568, 'SHOFIANI NUR NGAFIFAH', '15867', 'sTrec', 2, 'M', 0),
(569, 'SITI NURKHOLIFAH', '15868', 'StalG', 2, 'M', 0),
(570, 'SRI UTAMI', '15869', 'ViStI', 2, 'M', 0),
(571, 'SUCI GALIH SAYEKTI', '15870', 'rAmPO', 2, 'M', 0),
(572, 'TANAYA LALITA ANUGRAHAENI', '15871', 'OUstU', 2, 'M', 0),
(573, 'TRI NIKEN AGUSTINA', '15872', 'ndUAR', 2, 'M', 0),
(574, 'TSANI NUR HIDAYAH', '15873', 'chRid', 2, 'M', 0),
(575, 'UMI NURKHOLIDA', '15874', 'enRYm', 2, 'M', 0),
(576, 'VEBY PUTRI RAMADANI', '15875', 'oiNCH', 2, 'M', 0),
(577, 'ANA IKTIFAUS SAKHIYA', '15876', 'lacaS', 2, 'N', 0),
(578, 'ANA SABILA KHOIRI', '15877', 'MALky', 2, 'N', 0),
(579, 'AZHAR RATNA RACHMALIA', '15878', 'HaNsT', 2, 'N', 0),
(580, 'AZKIYA KHAYATI NUFUS', '15879', 'ghtWA', 2, 'N', 0),
(581, 'DEVANI FEBRIANA', '15880', 'UngSp', 2, 'N', 0),
(582, 'DEVI FITRIANI', '15881', 'GsTer', 2, 'N', 0),
(583, 'DEWI DIANA PUTRI', '15882', 'oridI', 2, 'N', 0),
(584, 'DEWI PUSPITASARI', '15883', 'ULkAr', 2, 'N', 0),
(585, 'DINA FITRIANI', '15884', 'CATEA', 2, 'N', 0),
(586, 'DINIS RUWAENI', '15885', 'TysTO', 2, 'N', 0),
(587, 'DWI WAHYUNINGRUM', '15886', 'ORPhy', 2, 'N', 0),
(588, 'HANA NADHIFA', '15345', 'dElOg', 2, 'N', 0),
(589, 'EMILIANA DARDA', '15887', 'aRiaN', 2, 'N', 0),
(590, 'FATMA NUR AINI', '15888', 'wArMt', 2, 'N', 0),
(591, 'FEBY ROSALINDA', '15889', 'ADYnd', 2, 'N', 0),
(592, 'FITRI NUR CHOMSAH', '15890', 'dMisc', 2, 'N', 0),
(593, 'FITRI WULANDARI', '15891', 'erthE', 2, 'N', 0),
(594, 'GEA MULAEANA PUTRI AZENTY', '15892', 'eadeA', 2, 'N', 0),
(595, 'GINA LEVINA', '15893', 'inEOs', 2, 'N', 0),
(596, 'INDAH WULANDARI', '15894', 'outuD', 2, 'N', 0),
(597, 'ISNAENI MARTUHAH', '15895', 'xiSeQ', 2, 'N', 0),
(598, 'KHUSNUL KHOTIMAH', '15896', 'dMAlT', 2, 'N', 0),
(599, 'LUTFIA ANIS MARATUSSOLIHAH', '15897', 'onaTE', 2, 'N', 0),
(600, 'MAULIDA HASNAH', '15898', 'eRniS', 2, 'N', 0),
(601, 'NURINA VITA SETYANI', '15899', 'VerNS', 2, 'N', 0),
(602, 'NAWANG CAHYANINGRATRI', '15900', 'ErNeC', 2, 'N', 0),
(603, 'NUR HAZIZAH', '15901', 'uTeni', 2, 'N', 0),
(604, 'NUR HIQMAH', '15902', 'naLdi', 2, 'N', 0),
(605, 'NUR LAILA KHUSNA', '15903', 'cKSOn', 2, 'N', 0),
(606, 'RISMA ALIYA ROSADI', '15904', 'OlESu', 2, 'N', 0),
(607, 'RIZKI ISNAENI', '15905', 'HOMeR', 2, 'N', 0),
(608, 'SEKAR DESTI LEIANTI', '15906', 'ConVo', 2, 'N', 0),
(609, 'SITI RAHMAWATI', '15907', 'PraFt', 2, 'N', 0),
(610, 'TRI OKTASARI', '15908', 'ockOU', 2, 'N', 0),
(611, 'UMU ISTIKOMAH', '15909', 'AwNwH', 2, 'N', 0),
(612, 'ZAHRA AMELIAWATI', '15910', 'TIRog', 2, 'N', 0),
(613, 'ARIANA POKHARISMA', '14907', 'LwCShf', 2, 'O', 0),
(614, 'ARUM RAHMATIA', '14908', 'xr565c', 2, 'O', 0),
(615, 'AULIA RISQI SHOLIKHAH', '14909', 'GnoPBP', 2, 'O', 0),
(616, 'AZIZAH CITRA NURAINI AHMAD', '14910', 'HMyFvi', 2, 'O', 0),
(617, 'BIBIT AFIYANI', '14911', 'pwW1sc', 2, 'O', 0),
(618, 'CINDI ANGELIKA PUTRI', '14912', 'DbcSND', 2, 'O', 0),
(619, 'DINDA ASIH NURROHMAH', '14913', 'y3acyK', 2, 'O', 0),
(620, 'EKA MAYLINA CAHYANI', '14914', 'GoNxf1', 2, 'O', 0),
(621, 'ERNA YUNITA', '14915', 'Dex72V', 2, 'O', 0),
(622, 'ESTU CHAERUL UMAM', '14916', 'zAM3rP', 2, 'O', 0),
(623, 'EVA DWI PUSPITASARI', '14917', 'JelJvf', 2, 'O', 0),
(624, 'FADILLAH REVINA EDDIS', '14918', 'a25na4', 2, 'O', 0),
(625, 'FARAH AULIA LUTFIANI', '14919', '1LSNLC', 2, 'O', 0),
(626, 'FINA IDAMATUS SILMI', '14920', '17v8v8', 2, 'O', 0),
(627, 'INDIT SYABANRIANA', '14921', 'fso5NS', 2, 'O', 0),
(628, 'ISNALIA SARI HIDAYATI', '14922', '953mak', 2, 'O', 0),
(629, 'LUSIANA MUALLIFAH', '14923', '74yzfc', 2, 'O', 0),
(630, 'MAHFUD PRIO NUGROHO', '14924', '8AS7Aw', 2, 'O', 0),
(631, 'MEIDA TRI RACHMAWATI', '14925', 'dSfoz3', 2, 'O', 0),
(632, 'MUFIDA RIZQI AMALIA', '14926', 'dNmvsW', 2, 'O', 0),
(633, 'NUGRAHA TRI ANGGRAINI', '14927', 'tHaoKx', 2, 'O', 0),
(634, 'NUNUNG MUTOHAROH', '14928', 'MwfJtV', 2, 'O', 0),
(635, 'NUR RIZKI DEWI SETIANI', '14929', 'Zya8Ta', 2, 'O', 0),
(636, 'RAHMAT DWI MAULANA', '14930', 'RQ4LRf', 2, 'O', 0),
(637, 'SALMA NABILA', '14931', 'af1q4E', 2, 'O', 0),
(638, 'SELA SEVIANA ZAHRA', '14932', 'isivM9', 2, 'O', 0),
(639, 'SEPTI PRITA NUGRAHENI', '14933', 'txNDPZ', 2, 'O', 0),
(640, 'SETIYANI', '14934', 'cQDp6F', 2, 'O', 0),
(641, 'SITI ROHMATUN', '14935', 'uVZJ2n', 2, 'O', 0),
(642, 'SYFA FAUZIA', '14936', 'TATFTe', 2, 'O', 0),
(643, 'TRIYANINGSIH', '14937', 'UTaLdX', 2, 'O', 0),
(644, 'USNUL DILA APRIYANI', '14938', 'fq3yfz', 2, 'O', 0),
(645, 'USWATUN KHASANAH', '14939', '7HrtuK', 2, 'O', 0),
(646, 'WAHIDATUN ISMA FAUZIAH', '14940', '46vinw', 2, 'O', 0),
(647, 'ADHELIA INTAN SHABIRA', '14941', 'sKplFv', 2, 'P', 0),
(648, 'ALVI YULIA ISTIKOMAH', '14942', '90ZV38', 2, 'P', 0),
(649, 'ANGGI KURNIAPUTRI', '14943', 'olVdeU', 2, 'P', 0),
(650, 'ANIS NOVARIANI', '14944', 'WPR589', 2, 'P', 0),
(651, 'ANTENG SALAMAH', '14945', 'FJWx2c', 2, 'P', 0),
(652, 'ARVIANI HERAWATI', '14946', 'leXfpz', 2, 'P', 0),
(653, 'ATIKA PUTRI', '14947', 'gie6IO', 2, 'P', 0),
(654, 'FANNY SULISTIYORINI', '14948', 'TGq8xp', 2, 'P', 0),
(655, 'FARAH MAULINA WILIANTI', '14949', '0wT9ov', 2, 'P', 0),
(656, 'FATHONAH SAFIRA AHMAR', '14950', 'OUaXRT', 2, 'P', 0),
(657, 'FATHUL KHOTOYA', '14951', '8wDTf8', 2, 'P', 0),
(658, 'FATIMAH', '14952', 'A1VTWf', 2, 'P', 0),
(659, 'FATMA RIYANA', '14953', 'I8mLZI', 2, 'P', 0),
(660, 'FIRSA LAILATUL BAROKAH', '14954', 'rlISez', 2, 'P', 0),
(661, 'HENI KUSMIRAH', '14955', 'HU0V9n', 2, 'P', 0),
(662, 'IIN NUR SAFITRI', '14956', '2MC44L', 2, 'P', 0),
(663, 'INDAH NIRROHMAH', '14957', 'fOoUZJ', 2, 'P', 0),
(664, 'KHIKMATUL LAELI', '14958', 'qiShIZ', 2, 'P', 0),
(665, 'LAELIA NUR ANJANI', '14959', 'PdSkAE', 2, 'P', 0),
(666, 'LUTFI  ROISATUL MUKARROMAH', '14960', 'rneE3N', 2, 'P', 0),
(667, 'NAFA OKTA YANDHIKA', '14961', 'WB7H4U', 2, 'P', 0),
(668, 'NAZILATUL MUYASAROH', '14962', 'FMdONm', 2, 'P', 0),
(669, 'NISRINA AUROH', '14963', 'MbEEVe', 2, 'P', 0),
(670, 'NISWATUL MUZAYYANAH', '14964', 'an8Gan', 2, 'P', 0),
(671, 'PUJI LESTARI', '14965', 'CRaUvq', 2, 'P', 0),
(672, 'RESTINA PUTRI', '14966', 'Our47v', 2, 'P', 0),
(673, 'RINI SETIYANI', '14967', 'Mri4KE', 2, 'P', 0),
(674, 'RISKI SEPTIANA', '14968', 'g4lctV', 2, 'P', 0),
(675, 'RISKIANTI', '14969', 'DE0RlW', 2, 'P', 0),
(676, 'RISQI KHAERUN NISA', '14970', '5H2Lia', 2, 'P', 0),
(677, 'RIZKY MAULIA', '14971', 'ar3d9Q', 2, 'P', 0),
(678, 'SALMA OKTAVIANI', '14972', 'Qf4QpT', 2, 'P', 0),
(679, 'SEPTI SETYANINGSIH', '14973', 'n1UdwQ', 2, 'P', 0),
(680, 'SOFIATUN ISNAENI', '14974', '8CyVzU', 2, 'P', 0),
(681, 'VENNY DWI AGUSTIN', '14975', 'Tq9yPL', 2, 'P', 0),
(682, 'ZYKAH ALFIANA METRIANTO', '14976', 'ozByBM', 2, 'P', 0),
(683, 'ALIFIYA WARDANI', '14977', 'vv9GO4', 2, 'Q', 0),
(684, 'ANGGUN WAHYUNINGSIH', '14978', 'vWn3Vb', 2, 'Q', 0),
(685, 'ANITA PUTRI AGUSTINA', '14979', 'cDpsRO', 2, 'Q', 0),
(686, 'ASMA BOTIKKASIH AULIA', '14980', 'FSTTBT', 2, 'Q', 0),
(687, 'AZIZAH NUR`AINI', '14981', 'SR0i95', 2, 'Q', 0),
(688, 'ELISA. S.', '14982', 'GDsLBe', 2, 'Q', 0),
(689, 'EQI SALISTIANI RIZQI', '14983', 'PW7TdO', 2, 'Q', 0),
(690, 'FIRJATULLOH NAFI`AH', '14984', 'gKapdE', 2, 'Q', 0),
(691, 'FITRIANI', '14985', 'rEc3pd', 2, 'Q', 0),
(692, 'GALIH ICHBAR NASUHA', '14986', 'zscWz1', 2, 'Q', 0),
(693, 'HESTI LESTARI', '14987', 'fGcmOO', 2, 'Q', 0),
(694, 'INDAH LESTARI SETYANINGSIH', '14988', 'wpf5qH', 2, 'Q', 0),
(695, 'KARTIKA SUPRIYANINGSIH', '14989', 'VHUggW', 2, 'Q', 0),
(696, 'KENI TRI JAYANTI', '14990', 'H9uNvh', 2, 'Q', 0),
(697, 'KHIKMATUS SOLIKHAH', '14991', 'zTHGa8', 2, 'Q', 0),
(698, 'KHOMSATUN ARISAH', '14992', '7h3HXs', 2, 'Q', 0),
(699, 'KHUMAIROH NUR LATHIFAH', '14993', 'yfVGVw', 2, 'Q', 0),
(700, 'MAR`ATUN USWAH', '14994', 'nlGSRt', 2, 'Q', 0),
(701, 'MAR`ATUN USWAH', '14995', 'qetVP9', 2, 'Q', 0),
(702, 'NI`MATUL JAMILAH', '14996', 'wV2ifR', 2, 'Q', 0),
(703, 'NOFIATUSSA`ADAH', '14997', 'Zt0fn5', 2, 'Q', 0),
(704, 'NOVI WULANDARI', '14998', '6Ge02x', 2, 'Q', 0),
(705, 'NURAZIZAH', '14999', 'v47A52', 2, 'Q', 0),
(706, 'RAKHMAH FITRIANI', '1500', 'SJfcXh', 2, 'Q', 0),
(707, 'REGETA MAHARANI LISTIATI', '15001', 'gnTUQB', 2, 'Q', 0),
(708, 'RIFA FARAHDILA APRILIANTI', '15002', 'XTbKzI', 2, 'Q', 0),
(709, 'RIKY DWI SETIANINGSIH', '15003', '2TUW3Z', 2, 'Q', 0),
(710, 'SENIFA AZZAHRA', '15004', 'BgcVxE', 2, 'Q', 0),
(711, 'SILVI WIDIA PUSPITASARI', '15005', 'KmXXca', 2, 'Q', 0),
(712, 'SOFI FEBRIYANTI', '15006', 'B9xmGJ', 2, 'Q', 0),
(713, 'SYIFA ULYA SYAHIDAH', '15007', 'Ped904', 2, 'Q', 0),
(714, 'TATA ALLIFIA ANGGRAENY', '15008', 'fdEzpc', 2, 'Q', 0),
(715, 'TRI PURWANTI', '15009', 'W2br86', 2, 'Q', 0),
(716, 'VINA SEPTIANA', '15010', 'wg9004', 2, 'Q', 0),
(717, 'WACHIDATUL MUKHARROMAH', '15011', '48980T', 2, 'Q', 0),
(718, 'YAYANG NUR WIDYA', '15012', 'Tut9SF', 2, 'Q', 0),
(719, 'ARINA MANASIKHANA', '15013', '0kwBkT', 2, 'R', 0),
(720, 'ATIKA MAHARANI', '15014', 'XVo2py', 2, 'R', 0),
(721, 'DIAN DWI RAKHMAWATI', '15015', '0VePTy', 2, 'R', 0),
(722, 'EKA NUR OKTAFIANI', '15016', '3Cnzz7', 2, 'R', 0),
(723, 'EKA YUNITASARI', '15017', '4mXPHh', 2, 'R', 0),
(724, 'ERVINA', '15018', 'r5q3fI', 2, 'R', 0),
(725, 'FANESA DWI APRILA', '15019', 'C8Adr3', 2, 'R', 0),
(726, 'HANA WADHIAH', '15020', '3WcbeO', 2, 'R', 0),
(727, 'INDIT PALILLAH', '15021', 'SEWMPm', 2, 'R', 0),
(728, 'INTAN KARNILA', '15022', 'k2HduK', 2, 'R', 0),
(729, 'KARTIKA DEWI NINGSIH', '15023', 'znT5pU', 2, 'R', 0),
(730, 'KHOIRUNNISA ISTIQOMAH', '15024', 'WPDHrH', 2, 'R', 0),
(731, 'LISA AMINATUN', '15025', 'dVBufw', 2, 'R', 0),
(732, 'LYDIA FLORENCE CHRISTIANI', '15026', 'CqEPIA', 2, 'R', 0),
(733, 'MARTIKA WIJAYANTI', '15027', 'n3yqJp', 2, 'R', 0),
(734, 'MAULIA ULI HIDAYATI', '15028', 'Oloc2P', 2, 'R', 0),
(735, 'MAY ANGGITA', '15029', 'F5AXep', 2, 'R', 0),
(736, 'MEILISTA NUR FADILLA', '15030', 'dsqwQD', 2, 'R', 0),
(737, 'NABILA DWI SONIAWATI', '15031', 'kf6GWK', 2, 'R', 0),
(738, 'NABILA NURKHALISAH', '15032', 'ZMKhIy', 2, 'R', 0),
(739, 'NIKEN ANNANTA KURNI KOFA', '15033', '58fwd0', 2, 'R', 0),
(740, 'NOVITA DWI SAPUTRI', '15034', 'VH1Ti8', 2, 'R', 0),
(741, 'NURUL ISTIQOMAH', '15035', '7JiuTR', 2, 'R', 0),
(742, 'RELITA PUSPA JELITA', '15036', 'zb0P8V', 2, 'R', 0),
(743, 'RISA AMALIAH', '15037', 'zT16Ty', 2, 'R', 0),
(744, 'RIZKI AMALIA', '15038', 'uTAWhn', 2, 'R', 0),
(745, 'RIZQIANA DEWI LUFI', '15039', '51JGia', 2, 'R', 0),
(746, 'SHIFAUL MAULA', '15040', 'gJTLdK', 2, 'R', 0),
(747, 'SILMI NUR AFIFAH', '15041', 'N5TcZX', 2, 'R', 0),
(748, 'TANTI NUR NGAENI', '15042', 'pau5td', 2, 'R', 0),
(749, 'TRI AMBARWATI', '15043', 'r6yRsM', 2, 'R', 0),
(750, 'UMU MAMLUATUN NAFISAH', '15044', 'nZww4i', 2, 'R', 0),
(751, 'USWATUN KHASANAH', '15045', '4xAPph', 2, 'R', 0),
(752, 'YANIT SETIA NINGSIH', '15046', 'D0xNuU', 2, 'R', 0),
(753, 'YULIA INSANI', '15047', 'Ozoy35', 2, 'R', 0),
(754, 'ZENIFA LUTFI KHOTIMAH', '15048', 'H9AyTb', 2, 'R', 0),
(755, 'ADE LIA PUTRI SYAHARANI', '15049', 'lFyE7u', 2, 'S', 0),
(756, 'ANGGUN NURAINI', '15050', '2TFZ5S', 2, 'S', 0),
(757, 'APRILIANA SARI', '15051', 'MnvR99', 2, 'S', 0),
(758, 'DINA MIRDA', '15052', 'wJW4PV', 2, 'S', 0),
(759, 'FARAH ATIKAH SOLIHAH', '15053', 'TgDfGG', 2, 'S', 0),
(760, 'FEBY TRIYA MUKAROMAH', '15054', 'C0IDre', 2, 'S', 0),
(761, 'FIRLI LAELA CAHYANI', '15055', 'DiZvsA', 2, 'S', 0),
(762, 'IKA WULAN PRATAMI', '15056', 'pCobgb', 2, 'S', 0),
(763, 'IMRO`ATUS SOLIKHAH', '15057', 'dl97U8', 2, 'S', 0),
(764, 'ISNA MUTHOHAROTUL QOLBI', '15058', 'BxDnfS', 2, 'S', 0),
(765, 'KARTIKA DWI CAHYA', '15059', 'qWkhbW', 2, 'S', 0),
(766, 'KHUSNUL `AINI', '15060', 'd9enab', 2, 'S', 0),
(767, 'LITA MUFTIASARI', '15061', '1sfHnU', 2, 'S', 0),
(768, 'MAHFUZHOTUS SHOLIHAH', '15062', 'ZBJkZW', 2, 'S', 0),
(769, 'MALIKHATUL ADIBAH', '15063', 'o3DCr8', 2, 'S', 0),
(770, 'MA`LUFATUL FIKRIYAH', '15064', 'RDlaE9', 2, 'S', 0),
(771, 'MILA AGUSTINA', '15065', 'XfTB82', 2, 'S', 0),
(772, 'NIRMALA KARTIKA', '15066', 'opCWx2', 2, 'S', 0),
(773, 'NOVA FITRIA RIZQI', '15067', 'MTut6m', 2, 'S', 0),
(774, 'NUR PRIHATINI', '15068', 'tfliA9', 2, 'S', 0),
(775, 'OKTAVIA SETIANINGSIH', '15069', 'w2Lrsa', 2, 'S', 0),
(776, 'RAHMA WAHYUNITA', '15070', 'FPDfIF', 2, 'S', 0),
(777, 'RISKI YANTI', '15071', 'mElybC', 2, 'S', 0),
(778, 'ROSIVA ZEIN', '15072', 'SVKDWS', 2, 'S', 0),
(779, 'SABILA DESI RAHMA', '15073', 'ZZmruH', 2, 'S', 0),
(780, 'SEFIA LAELI RAHMA', '15074', 'i88NFN', 2, 'S', 0),
(781, 'SEPTI WAHYUNINGSIH', '15075', '9DdruE', 2, 'S', 0),
(782, 'SEPTIANA RAHMAWATI', '15076', 'XQf5J9', 2, 'S', 0),
(783, 'SHAILA SUSILOWATI', '15077', '9yauXt', 2, 'S', 0),
(784, 'SITI ZULFANI MUNGAWANAH', '15078', 'H0JQyI', 2, 'S', 0),
(785, 'TRI FIATUN ISTIKOMAH', '15079', 'rt4kWZ', 2, 'S', 0),
(786, 'TRI LAELI', '15080', 'I1eFev', 2, 'S', 0),
(787, 'TRI MEI SUCI LUDIASIH', '15081', 'dwUfFh', 2, 'S', 0),
(788, 'TRIANA LESTARI', '15082', 'PtmsvB', 2, 'S', 0),
(789, 'TRIE SEPTI NINGRUM', '15083', 'oHy0Ig', 2, 'S', 0),
(790, 'WIWIN MAESAROH', '15084', 'F4verF', 2, 'S', 0),
(791, 'ALIA NASIIHATUL WAHDAH', '15085', '7MKsX3', 2, 'T', 0),
(792, 'ALIFIA HENI SETIONINGSIH', '15086', 'eEqkXr', 2, 'T', 0),
(793, 'ANGGUN DWI PRASASTI', '15087', '3SPkcR', 2, 'T', 0),
(794, 'ANIS RAHMA NINGRUM', '15088', 'b0U8xq', 2, 'T', 0),
(795, 'ANISA NUR AINI', '15089', 'MHy3O8', 2, 'T', 0),
(796, 'ARINDA RAMADANI', '15090', 'ZZzmGQ', 2, 'T', 0),
(797, 'ARUM PUSPITA KURNIANTI', '15091', 'r9Rsmx', 2, 'T', 0),
(798, 'ATIQ KHUDAEMAH', '15092', 'PlfTvv', 2, 'T', 0),
(799, 'DELLA AULIA SOLIHATUNNISA', '15093', 's1GGCW', 2, 'T', 0),
(800, 'DEWI SARTIKA', '15094', 'dT11HZ', 2, 'T', 0),
(801, 'ENDAH RATNAWATI', '15095', 'H0LFgz', 2, 'T', 0),
(802, 'INDAH RIZKIANA', '15096', 'AnLSIq', 2, 'T', 0),
(803, 'ISRO` NURIL HIDAYAH', '15097', 'N13XSi', 2, 'T', 0),
(804, 'JULEKHOTUS SANIYAH', '15098', 'oCTnOE', 2, 'T', 0),
(805, 'LISA RAHAYUNINGSIH', '15099', 'nTEKrb', 2, 'T', 0),
(806, 'MEYNA RAHMA SARI', '15100', 'yKm9TM', 2, 'T', 0),
(807, 'NINIK HAFIDZAH ZAHRO', '15101', 'z9tATQ', 2, 'T', 0),
(808, 'NOVELITA RAHMADHANI', '15102', 'Rv8Orn', 2, 'T', 0),
(809, 'NUR INNAYATUL FATMA', '15103', 'UHz8JO', 2, 'T', 0),
(810, 'OKTAPIA ASIF RAHMAYANTI', '15104', 'woCZmg', 2, 'T', 0),
(811, 'OXA INDRIANI', '15105', 'kRpyix', 2, 'T', 0),
(812, 'PUTRI RIZKA ARDITA', '15106', 'HJ4yMz', 2, 'T', 0),
(813, 'RAHMA AGUSTIN', '15107', 'NUmh5U', 2, 'T', 0),
(814, 'SA`DIATUL MAULA', '15108', '82Jawb', 2, 'T', 0),
(815, 'SEPTIANA SARI', '15109', '5bGeKp', 2, 'T', 0),
(816, 'SHOFY KHASNA KHUMAIDAH', '15110', 'aqCQfU', 2, 'T', 0),
(817, 'SITI KHUSNUL FATIMAH', '15111', 'HQGEwI', 2, 'T', 0),
(818, 'SITI NURCHOLISAH', '15112', 'yRLVE9', 2, 'T', 0),
(819, 'SULIS WINARSIH', '15113', '1nbRN2', 2, 'T', 0),
(820, 'SYABBILILLAH MUCHTARNINGRUM', '15114', 'k3RaGl', 2, 'T', 0),
(821, 'TABITHA PASHA REYNA', '15115', '8scMPT', 2, 'T', 0),
(822, 'TSANIYATUN MUYASSAROH', '15116', 'uTDFHd', 2, 'T', 0),
(823, 'USWATUN KHASANAH', '15117', 'BlJRI9', 2, 'T', 0),
(824, 'WAHYU KAROMAH', '15118', 'pAmlRT', 2, 'T', 0),
(825, 'WANDA NOVITASARI', '15119', 'V242ka', 2, 'T', 0),
(826, 'YULIANTI PUTRI SOLEKHAH', '15120', 'XxKDQh', 2, 'T', 0),
(827, 'AMALIA FA-IQOH', '15121', 'MTBDyD', 2, 'U', 0),
(828, 'ARUM TANTI AMALIA', '15122', 'DdLXf4', 2, 'U', 0),
(829, 'AZKAL MALA', '15123', 'XZgy9T', 2, 'U', 0),
(830, 'BASRIYAH', '15124', 'VAJ48a', 2, 'U', 0),
(831, 'DEA ANGGITA', '15125', 'fmT48y', 2, 'U', 0),
(832, 'DIAH RENITA', '15126', 'TR4Phg', 2, 'U', 0),
(833, 'DWI ASTUTI WULANDARI', '15127', 'AXoDOD', 2, 'U', 0),
(834, 'ESTRI DWI HUTAMI', '15128', 'qFadaG', 2, 'U', 0),
(835, 'FELLA OCTAVIANA', '15129', 'NtTTXA', 2, 'U', 0),
(836, 'FINA MONALISA', '15130', 'M6P3Dt', 2, 'U', 0),
(837, 'HAFSHAH', '15131', 'KnuEdv', 2, 'U', 0),
(838, 'HESTI ANGGUN WULANDARI', '15132', 'IWKxrM', 2, 'U', 0),
(839, 'HINDUN SOFIYANTI', '15133', 'wo8f1p', 2, 'U', 0),
(840, 'IMYATUN', '15134', 'saJiUJ', 2, 'U', 0),
(841, 'INAROTUL KHAKIMAH', '15135', 'oTzJf5', 2, 'U', 0),
(842, 'INDAH SEPTIANA', '15136', 'I4kJVy', 2, 'U', 0),
(843, 'JESSY NUR FAUZIYAH', '15137', 'Vdfg3Z', 2, 'U', 0),
(844, 'KIKI NUR RAHMAH', '15138', 'fTGwXa', 2, 'U', 0),
(845, 'LAILATUL KHAERUNNISA', '15139', 'pc1M9W', 2, 'U', 0),
(846, 'LATIFAH DWI ISRA` HAYATI', '15140', 'd9IwVI', 2, 'U', 0),
(847, 'LILI KURNIAWATI', '15141', 'vGSu03', 2, 'U', 0),
(848, 'LINDA DWI LESTARI', '15142', '9BpySq', 2, 'U', 0),
(849, 'NISA CHOMSATUN REZEKI', '15143', 'WVsOFZ', 2, 'U', 0),
(850, 'NURROHMAH', '15144', 'WGDPGZ', 2, 'U', 0),
(851, 'NURUL AENIN ZAKIYAH', '15145', 'd1QV8K', 2, 'U', 0),
(852, 'NURUL OKTAVIANI', '15146', 'Di0nLz', 2, 'U', 0),
(853, 'PUPUT FITRIYANA', '15147', 'Xpq73n', 2, 'U', 0),
(854, 'REINA ARUM KURNIAWATI', '15148', 'pE0FW2', 2, 'U', 0),
(855, 'RENI OKTAFIANI', '15149', 'T17ExT', 2, 'U', 0),
(856, 'RISA LUTFIANA', '15150', 'ahxspr', 2, 'U', 0),
(857, 'RIZKIYANTI', '15151', 'EX7Ncd', 2, 'U', 0),
(858, 'SILVIA SETIASIH', '15152', '6OLS73', 2, 'U', 0),
(859, 'SUCI PRIHATININGSIH', '15153', '5CpqAB', 2, 'U', 0),
(860, 'UMI KHOMSIATUN WAKHIDAH', '15154', 'LgBiwK', 2, 'U', 0),
(861, 'UMI WULANDARI', '15155', 'TnhzeJ', 2, 'U', 0),
(862, 'WURI SINTIA MURTRI', '15156', 'NUT2Si', 2, 'U', 0),
(863, 'ALIIFAH SUNNIYYAH', '15157', 'cWKxsd', 2, 'V', 0),
(864, 'ALIVYA MERLYANA', '15158', '6PxnDy', 2, 'V', 0),
(865, 'ANA KISTI', '15159', 'RIWlhi', 2, 'V', 0),
(866, 'ANNISA RIZKI FATIHA', '15160', 'JFlsgH', 2, 'V', 0);
INSERT INTO `user` (`id`, `nama`, `username`, `password`, `level`, `kelas`, `status`) VALUES
(867, 'AUDI NABITA SALSABILA', '15161', 'lQ9mDX', 2, 'V', 0),
(868, 'DEANISA RAHMATIKA', '15162', 'LTtqmc', 2, 'V', 0),
(869, 'DIANA SEPTIYANTI DEVITA SARI', '15163', '6Oy6wh', 2, 'V', 0),
(870, 'DWI HERLINDA', '15164', 'JiLDg8', 2, 'V', 0),
(871, 'ERVIANA MAR`ATUN SOLICHAH', '15165', '46F4kR', 2, 'V', 0),
(872, 'FARA AYU LISTIANI', '15166', 'B3XrDN', 2, 'V', 0),
(873, 'FARAH REZZANI MAULANA', '15167', '16tz1f', 2, 'V', 0),
(874, 'FELY MUTIA KANZA', '15168', 'kpQWTO', 2, 'V', 0),
(875, 'FITRI NUR YULIANINGSIH', '15169', '7ko7V9', 2, 'V', 0),
(876, 'INAYAH NUR CAHYANI', '15170', '3KDsBO', 2, 'V', 0),
(877, 'INTAN LUTFI ARUM SARI', '15171', '6oc9yG', 2, 'V', 0),
(878, 'ISAH HASANAH', '15172', 'RvI7R9', 2, 'V', 0),
(879, 'KHUSNUL KHOTIMAH ', '15173', '9vT7U3', 2, 'V', 0),
(880, 'LIA NUR FAOZIAH', '15174', 'MLexfg', 2, 'V', 0),
(881, 'LINA INDRIYANI', '15175', 'mgnVXd', 2, 'V', 0),
(882, 'MARIA ELIZABETH TIARA PUTRI', '15176', 'L2MnTS', 2, 'V', 0),
(883, 'MASAROH RAGHIDAH', '15177', 'zo0ZRM', 2, 'V', 0),
(884, 'MAYA SEPTIANA', '15178', 'uB2FSv', 2, 'V', 0),
(885, 'NIKE AYU PUSPITA', '15179', 'a8Plns', 2, 'V', 0),
(886, 'NIKEN ROSA SILFIANA', '15180', 'DCbZ42', 2, 'V', 0),
(887, 'NOVIA NAZILATUS SYAFA`AH', '15181', 'w5RNKt', 2, 'V', 0),
(888, 'NUR TIFANI', '15182', '0btscV', 2, 'V', 0),
(889, 'NURUL HIDAYATUL CHOIRUROH', '15183', 'xI3Xea', 2, 'V', 0),
(890, 'PUTRI PUSPITA SARI', '15184', 'PMIVGF', 2, 'V', 0),
(891, 'RIZKIKA APRILIANA', '15185', 'cBkI74', 2, 'V', 0),
(892, 'SARIFATUL MAOLA', '15186', 'SD7vku', 2, 'V', 0),
(893, 'SEPTI AMBARWATI', '15187', 'U7lpW7', 2, 'V', 0),
(894, 'SITI FATIMAH', '15188', 'u98tpd', 2, 'V', 0),
(895, 'SITI MUKHARIYAH', '15189', 'pFcxhB', 2, 'V', 0),
(896, 'ULFATUN KHASANAH', '15190', '3h2bVU', 2, 'V', 0),
(897, 'UMI SOFIYATUN', '15191', 'FEsskV', 2, 'V', 0),
(898, 'UTIYA RAKHMATIKA', '15192', '63xAKF', 2, 'V', 0),
(899, 'AGIL TRI RAHAYU', '15193', 'VnqCiH', 2, 'W', 0),
(900, 'AGISCA FAYRANI', '15194', 'O6mKhR', 2, 'W', 0),
(901, 'AISYAHNA DEWI', '15195', 'aHGgo4', 2, 'W', 0),
(902, 'AMANDA MAURI PUTRI', '15196', 'GtPUaB', 2, 'W', 0),
(903, 'ANDINI RAHMAWATI', '15197', 'wifGTn', 2, 'W', 0),
(904, 'CAHYA AVRILIA DININGSIH', '15198', '4xU8vF', 2, 'W', 0),
(905, 'DAVINA ANJANISKA', '15199', 'eva8e8', 2, 'W', 0),
(906, 'DWI ROKHMAWATI', '15200', 'NzWu7m', 2, 'W', 0),
(907, 'ELISA NITALYAWATI', '15201', 'H0BSwu', 2, 'W', 0),
(908, 'ENDAH SEPTIASIH', '15202', 'bX3xNy', 2, 'W', 0),
(909, 'IFFAH USWATUN KHASANAH', '15203', 'VMeE17', 2, 'W', 0),
(910, 'IKA RAHMAWATI', '15204', '8drCsF', 2, 'W', 0),
(911, 'INDIKA KHOIRIYAH', '15205', 'I7tgw9', 2, 'W', 0),
(912, 'IRNAWATI', '15206', 'b9TUxP', 2, 'W', 0),
(913, 'JUWITA ISTIQOMAH', '15207', 'efeyWR', 2, 'W', 0),
(914, 'KHAMIDAH', '15208', 'qvTBPJ', 2, 'W', 0),
(915, 'KHUSNA SABILY', '15209', 'eTSKEb', 2, 'W', 0),
(916, 'KHUSNUL KHOTIMAH', '15210', 'CgDKwI', 2, 'W', 0),
(917, 'KORIAH LAILLATUL A`YUN', '15211', 'fch7w9', 2, 'W', 0),
(918, 'LESA HALIMAH', '15212', 'UThPpa', 2, 'W', 0),
(919, 'MAHMUDATUL KAROMAH', '15213', '8748F0', 2, 'W', 0),
(920, 'MUTIARA ALINDA', '15214', 'ungQwl', 2, 'W', 0),
(921, 'NADIA TRISTIA', '15215', 'pVnamV', 2, 'W', 0),
(922, 'NUR HALIMAH', '15216', 'wXxBVx', 2, 'W', 0),
(923, 'PRIHANITA ARNELIA ANANTA', '15217', '5U23w2', 2, 'W', 0),
(924, 'PUTRI UTAMI', '15218', 'EN9STb', 2, 'W', 0),
(925, 'RAHMA SEPTI FAUZIAH', '15219', '1siRV5', 2, 'W', 0),
(926, 'RISKIANA DARYATI', '15220', 'U13NJQ', 2, 'W', 0),
(927, 'SHEILA NOVIA PRAMESTI', '15221', 'ZtGOq7', 2, 'W', 0),
(928, 'SIFA DIAH PUJI ASTUTI', '15222', 'yJzJCk', 2, 'W', 0),
(929, 'SITI UMMU SOLIHAH', '15223', '0u2on7', 2, 'W', 0),
(930, 'TANHALUL KAMALA ROMADHONI', '15224', 'dcFA4q', 2, 'W', 0),
(931, 'ULFATUS SANGADAH', '15225', 'NPBGXL', 2, 'W', 0),
(932, 'USWATUN HASANAH', '15226', 'Zl9iOe', 2, 'W', 0),
(933, 'VINDA DESTIYANI', '15227', 'IH3dcH', 2, 'W', 0),
(934, 'WIWIT SETYANINGSIH', '15228', 'dkwHot', 2, 'W', 0),
(935, 'ADINDA BERTANNIA PUTRI', '15229', 'NtKDKd', 2, 'X', 0),
(936, 'ALYA WIDYA KUSUMANINGRUM', '15230', 'fNPaCk', 2, 'X', 0),
(937, 'AMALIYAH NURUL FIKROH', '15231', 'HNL1oR', 2, 'X', 0),
(938, 'ANDINI AFILIANI', '15232', '2NeKKw', 2, 'X', 0),
(939, 'ARI RETNO VAUZIAH', '15233', 'WGCXau', 2, 'X', 0),
(940, 'CINDY FINATA', '15234', '0TFUC8', 2, 'X', 0),
(941, 'DEFI NURANI', '15235', 'wxsfG0', 2, 'X', 0),
(942, 'DEVI ANISASARI', '15236', 'teFd0k', 2, 'X', 0),
(943, 'DWI ISNAENI MAESAROH', '15237', 'VDor0J', 2, 'X', 0),
(944, 'ELISA PUTRI', '15238', 'syEnst', 2, 'X', 0),
(945, 'EMILIA ISKANDAR', '15239', 'DePF7i', 2, 'X', 0),
(946, 'EVITA FEBRIANI', '15240', 'JBOuS9', 2, 'X', 0),
(947, 'FITA NUGRAHENI', '15241', 'EmONiz', 2, 'X', 0),
(948, 'INTAN DWI WAHYUNINGSIH', '15242', 's7FtDn', 2, 'X', 0),
(949, 'INTAN SAFIQOH', '15243', '8xAkNR', 2, 'X', 0),
(950, 'ISNAENI MAR`ATUN SOLIAH', '15244', 'DhUzdz', 2, 'X', 0),
(951, 'CINDY FINATA', '15245', 'oN1dyQ', 2, 'X', 0),
(952, 'KHUSNUL KHOTIMAH', '15246', '4Q3moS', 2, 'X', 0),
(953, 'LAELY DWI MURNIATI', '15247', 'RQTEhH', 2, 'X', 0),
(954, 'LOUISE INDRIFATIKA', '15248', 'uS7iPU', 2, 'X', 0),
(955, 'NADIA NOVIANA NURAINI', '15249', 'Nc0nxM', 2, 'X', 0),
(956, 'NEZA ARBANGATUN AZIZAH', '15250', 'Uk3D1B', 2, 'X', 0),
(957, 'NIDAUR ROHMAH', '15251', '7ENTkh', 2, 'X', 0),
(958, 'NISA FAHRIAH', '15252', 'B2erGU', 2, 'X', 0),
(959, 'NUR HIKMAH ANGGRAINIE', '15253', 'T2ogob', 2, 'X', 0),
(960, 'RARASTRI RAHAYU', '15254', '9hKbQs', 2, 'X', 0),
(961, 'RISKA WIDURI', '15255', 'erckph', 2, 'X', 0),
(962, 'RISMA AYU MELIANA', '15256', '8nXn15', 2, 'X', 0),
(963, 'ROHMAH YULIAWAN', '15257', 'aV6dpB', 2, 'X', 0),
(964, 'SASKIYATUN SOLIKHAH', '15258', 'H1nBPs', 2, 'X', 0),
(965, 'SITI NUR ALISAH', '15259', 'RZl1VP', 2, 'X', 0),
(966, 'SITI ULFATUN ISNAENI', '15260', 'auCNIi', 2, 'X', 0),
(967, 'TANIA VIVI CAHYA UTAMI', '15261', '9iRxop', 2, 'X', 0),
(968, 'TAZKIA FATIKHAH SUSILOWATI', '15262', 'Ahbldg', 2, 'X', 0),
(969, 'TIKA AGUSTIN AZZAHRA', '15263', 'Kt0FZy', 2, 'X', 0),
(970, 'TITIK JULITA SETIANINGSIH', '15264', 'AaRWq0', 2, 'X', 0),
(971, 'AHMAD SAIFUL MA`RUF', '15265', '9hvaTx', 2, 'Y', 0),
(972, 'ALLAYA DAFFA ZHILLAL', '15266', 'lFD2Or', 2, 'Y', 0),
(973, 'ANDHIKA FAJRI RAIHAN SUPADI', '15267', 'VnAuUD', 2, 'Y', 0),
(974, 'ANIS CAHYA APRILIASARI', '15268', 'y2x4fU', 2, 'Y', 0),
(975, 'ASMARANI INTAN PRAWESTI', '15269', '0p4HMl', 2, 'Y', 0),
(976, 'AZIZAH', '15270', 'sg5yIM', 2, 'Y', 0),
(977, 'DEVI ANGGRAENI', '15271', 'wVXIrH', 2, 'Y', 0),
(978, 'DISKA NEPSI MEYLINDA', '15272', 'VOeuF2', 2, 'Y', 0),
(979, 'DIVA RAYHAN', '15273', 'd7BEz6', 2, 'Y', 0),
(980, 'EKA HIDAYATI', '15274', 'gXx9KO', 2, 'Y', 0),
(981, 'ERISA WIJIYANTI', '15275', 'oa4xzo', 2, 'Y', 0),
(982, 'FITRI WACHYUNI', '15276', 'd4Wu8p', 2, 'Y', 0),
(983, 'INAYATI NUR KHAFIFAH', '15277', 'E53Ghx', 2, 'Y', 0),
(984, 'INDAH SURYANINGSIH', '15278', 'g7ZVAV', 2, 'Y', 0),
(985, 'INDRA FITRIA ZULFA', '15279', 'rGEteW', 2, 'Y', 0),
(986, 'INTAN PUSPITANINGRUM', '15280', 'wXS1q9', 2, 'Y', 0),
(987, 'KHOIROTUNNISA', '15281', 'QMNGZC', 2, 'Y', 0),
(988, 'LATIVA SUCIATI', '15282', 'USbiLT', 2, 'Y', 0),
(989, 'MEITA RAHMAWATI', '15283', '9grBDd', 2, 'Y', 0),
(990, 'MEIVA ARIE LIANA', '15284', 'XvOQpT', 2, 'Y', 0),
(991, 'MIKA APRILIAN MAULUTI', '15285', 'OJsL1W', 2, 'Y', 0),
(992, 'MUHAMMAD MIFTAHUDIN', '15286', 'uxJVcP', 2, 'Y', 0),
(993, 'NAILUL `IZAH', '15287', '45fKFU', 2, 'Y', 0),
(994, 'NURUL AZIZAH', '15288', '1NUymG', 2, 'Y', 0),
(995, 'OKTA AMALLIA', '15289', 'wwFAJT', 2, 'Y', 0),
(996, 'OKTARINA TRI SUSIANI', '15290', '4BBS6H', 2, 'Y', 0),
(997, 'RATIH PUSPA FIRDAUS', '15291', 'upqWb0', 2, 'Y', 0),
(998, 'RIMA SA`JIDAH', '15292', 'bd3Xg3', 2, 'Y', 0),
(999, 'SAFIRA SEPTIANDIKA SALSABILA', '15293', 'g61uSq', 2, 'Y', 0),
(1000, 'SALWA LAELINA RAMADHANI', '15294', '7e0WBx', 2, 'Y', 0),
(1001, 'SETIANI ROMADONI', '15295', 'GAKems', 2, 'Y', 0),
(1002, 'SINDI SALSADILA FEBRIYANTI', '15296', 'e9dwu4', 2, 'Y', 0),
(1003, 'SINTA ANGGUN LESTARI', '15297', 'XfvVWT', 2, 'Y', 0),
(1004, 'TRIANA FEBIANTI', '15298', 'AhwTnW', 2, 'Y', 0),
(1005, 'UZLIFATUS SALSABILAH', '15299', 'i0VcCW', 2, 'Y', 0),
(1006, 'WAFIQ ANISATUL AZIZAH', '15300', 'LrwUq3', 2, 'Y', 0),
(1007, 'AFAD FATH MUSYAROF HALIM', '15301', 'FWTLRO', 2, 'Z', 0),
(1008, 'AFFIRA SPICA KHANZA SM', '15302', 'KixhZm', 2, 'Z', 0),
(1009, 'AHMAD JUNAEDI FIRMAN HIDAYAT', '15303', 'VyKu3u', 2, 'Z', 0),
(1010, 'AISYA MAHAESTRI', '15304', 'OZANU7', 2, 'Z', 0),
(1011, 'ARIZKA PRAMUDITA', '15305', 'UJZP2m', 2, 'Z', 0),
(1012, 'ASKI FAHMINISA', '15306', 'ftiD5c', 2, 'Z', 0),
(1013, 'AYU FEBRIANI', '15307', 'qsxVzI', 2, 'Z', 0),
(1014, 'CINDI MUKAROMAH', '15308', 'IvvQBN', 2, 'Z', 0),
(1015, 'DEWI PURWANTI', '15309', 'fXc8Ca', 2, 'Z', 0),
(1016, 'DINA WAHYUNINGSIH', '15310', 'XlgEoT', 2, 'Z', 0),
(1017, 'ELI KURNIATI', '15311', 'JFCJEn', 2, 'Z', 0),
(1018, 'FATIMAH HULFITRI', '15312', 'bzD10J', 2, 'Z', 0),
(1019, 'HIKMATUS SA`ADAH', '15313', 'ADVHAN', 2, 'Z', 0),
(1020, 'INDAH KARISMA', '15314', '7H2BTq', 2, 'Z', 0),
(1021, 'ISMAUL LATIFAH', '15315', '6O72d2', 2, 'Z', 0),
(1022, 'ISNAENI ROHMAH', '15316', 'XaSQtC', 2, 'Z', 0),
(1023, 'KHARISMA HARYANTI PUTRI', '15317', 'Xirrnq', 2, 'Z', 0),
(1024, 'LAELY NURUL BAROKAH', '15318', 'ZQr7fl', 2, 'Z', 0),
(1025, 'LOVI OKTAVIANA', '15319', 'tW2Zsv', 2, 'Z', 0),
(1026, 'MAI AFSHA NURUL FAJRIA', '15320', 'OdiIO4', 2, 'Z', 0),
(1027, 'MARDIANA AGUSTIN', '15321', 'dDcu8g', 2, 'Z', 0),
(1028, 'MELINA NURFATIKHAH', '15322', 'ygBgMT', 2, 'Z', 0),
(1029, 'NAFA AULIA CITRA', '15323', 'MUgi4b', 2, 'Z', 0),
(1030, 'NIA TINKHOLIVAH', '15324', 'Kwtwkf', 2, 'Z', 0),
(1031, 'POPI AMALIYAH', '15325', '6Az4dG', 2, 'Z', 0),
(1032, 'PUPUT FADILATUL KHOERIYAH', '15326', 'Zb5T5D', 2, 'Z', 0),
(1033, 'RAHIL KHABIBAH', '15327', 'mCfVkt', 2, 'Z', 0),
(1034, 'RESTU AMALIA', '15328', 'v6hfMh', 2, 'Z', 0),
(1035, 'RIANA', '15329', 'lvsQSw', 2, 'Z', 0),
(1036, 'RISKA FATMAWATI', '15330', 'mPKa1A', 2, 'Z', 0),
(1037, 'RIZKI FAJAR PUTRA SATRIA', '15331', 'v5w6wM', 2, 'Z', 0),
(1038, 'RIZKY NUR HASANAH', '15332', 'Uzyq6F', 2, 'Z', 0),
(1039, 'SEKAR SONA KARISMA', '15333', 'Sn2FXV', 2, 'Z', 0),
(1040, 'TYA RAHMADIYATUN KHASANAH', '15334', 'DV38LP', 2, 'Z', 0),
(1041, 'WAHYU NUGRAHENI AGUSTINA', '15335', 'Nx29iB', 2, 'Z', 0),
(1042, 'ZAHRA RAMADHANI', '15336', 'L6hch4', 2, 'Z', 0),
(1043, 'AINA SITI FATIMAH', '15337', 'yocxcg', 2, 'AA', 0),
(1044, 'AMELIA SHOLIHAH', '15338', 'wFHp3q', 2, 'AA', 0),
(1045, 'BENING ZAHARA PUTRI', '15339', 'lyU6UU', 2, 'AA', 0),
(1046, 'DEFI AYU RAHMAWATI', '15340', 'VMVS8T', 2, 'AA', 0),
(1047, 'DIAN TRI APRILIA', '15341', 'TJ9it6', 2, 'AA', 0),
(1048, 'EFI SEPTIANI', '15342', 'EgUVem', 2, 'AA', 0),
(1049, 'EVI INDRAYANI', '15343', 'ttNf0E', 2, 'AA', 0),
(1050, 'FITRI ADILLAH', '15344', 'khdG4h', 2, 'AA', 0),
(1051, 'HANA NADHIFA', '15345', '4Q7GTz', 2, 'AA', 0),
(1052, 'HANI SAPUTRI', '15346', 'cUWXgv', 2, 'AA', 0),
(1053, 'IMROATI KHUZAENAH', '15347', 'IK1gI3', 2, 'AA', 0),
(1054, 'KHORIDA NAFIS PRIANDINI', '15348', 'WPq83b', 2, 'AA', 0),
(1055, 'KUMALA WARDANA SUGIATI', '15349', 'AALTPH', 2, 'AA', 0),
(1056, 'LINA KAMELIA', '15350', 'd3PiXJ', 2, 'AA', 0),
(1057, 'MAULIA ENDIKA PUTRI', '15351', 'wba46T', 2, 'AA', 0),
(1058, 'MEIRINA KHUSNUL AZIZAH', '15352', 'NNwkGo', 2, 'AA', 0),
(1059, 'NANDA WULAN NURFITRIA', '15353', 'u20C4i', 2, 'AA', 0),
(1060, 'NATIJATUL KHIKMAH', '15354', 'u7xH4A', 2, 'AA', 0),
(1061, 'NISA`UL NGILMAH', '15355', '1bFWS7', 2, 'AA', 0),
(1062, 'NUR HAIDA ZAHRA', '15356', 'coTg7E', 2, 'AA', 0),
(1063, 'NUR ISTIANA', '15357', 'GgEB54', 2, 'AA', 0),
(1064, 'NURIL LAELATUS SHIFA', '15358', '2C9SxX', 2, 'AA', 0),
(1065, 'NURISMA DITA CAHYANI', '15359', 'QDoHo8', 2, 'AA', 0),
(1066, 'NURLAILA SOFIANA', '15360', 'bAqn1S', 2, 'AA', 0),
(1067, 'RENY HIDAYAH', '15361', 'vW9loJ', 2, 'AA', 0),
(1068, 'RIANI WAHYUNINGSIH', '15362', 'LW82n1', 2, 'AA', 0),
(1069, 'RINA GIYANTI', '15363', '821RsS', 2, 'AA', 0),
(1070, 'RISMA WAHYU WIGATI', '15364', 'Ak2WpX', 2, 'AA', 0),
(1071, 'ROHMAH DWI YULIYANTI', '15365', 'PnZxnB', 2, 'AA', 0),
(1072, 'SHELFIANA LYSTI', '15366', 'FC2IBd', 2, 'AA', 0),
(1073, 'SIKIF HANDAYANI', '15367', 'LRBlDM', 2, 'AA', 0),
(1074, 'SITI ULFATUL KHUSNA', '15368', 'ezomrM', 2, 'AA', 0),
(1075, 'TIARA EKA MARISYA', '15369', 'ai6eRS', 2, 'AA', 0),
(1076, 'WINDI RIZKA UTAMI', '15370', 's9lVt5', 2, 'AA', 0),
(1077, 'YANUAR REZA SAPUTRA', '15371', 'AIRStx', 2, 'AA', 0),
(1078, 'ZAENAL FATKHURROHMAN', '15372', 'xWb5VZ', 2, 'AA', 0),
(1079, 'ADISTIA PRATAMI', '15373', 'OWaxT3', 2, 'BB', 0),
(1080, 'AFRIDATUN NAFISAH', '15374', 'aW5cUb', 2, 'BB', 0),
(1081, 'AJENG USWAH HASANAH', '15375', 'yfKT3k', 2, 'BB', 0),
(1082, 'AMELIA NOVIYANTI', '15376', '8KFXRM', 2, 'BB', 0),
(1083, 'ANNISA NUR WAKHIDAH', '15377', 'QrQt6N', 2, 'BB', 0),
(1084, 'ARIANA AMINI', '15378', 'SHZIKp', 2, 'BB', 0),
(1085, 'AZAZ BUDI UTAMI', '15379', 'KwMl0H', 2, 'BB', 0),
(1086, 'DWI YUNI SARASWATI', '15380', '3MOgK7', 2, 'BB', 0),
(1087, 'DZIAUL HULULIAH', '15381', 'PpGFB1', 2, 'BB', 0),
(1088, 'FIFI NURFATMI', '15382', 'nzp2Qx', 2, 'BB', 0),
(1089, 'IZASHOFIYATUL BAROKAH', '15383', '3fli9s', 2, 'BB', 0),
(1090, 'KURNIA PUJI RAHAYU', '15384', 'gE18US', 2, 'BB', 0),
(1091, 'LAILATUL MUNAWAROH', '15385', 'EzEnZp', 2, 'BB', 0),
(1092, 'LILIS NUR SALAMAH', '15386', '9rDTrW', 2, 'BB', 0),
(1093, 'LUFIANA DEWI AFI SAPUTRI', '15387', 'y514sM', 2, 'BB', 0),
(1094, 'LUTHFIANA DWI ZAHRA', '15388', 'T9ACCU', 2, 'BB', 0),
(1095, 'MAYLA FAZA ZAKIYA', '15389', 'HnTr5y', 2, 'BB', 0),
(1096, 'MEILINDA INTAN NURAINI', '15390', 'Ix7Xcb', 2, 'BB', 0),
(1097, 'NABILA SAFA AENURROHMAH', '15391', 'FS7UPb', 2, 'BB', 0),
(1098, 'NISHA MEILIANINGSIH', '15392', 'KkdQtk', 2, 'BB', 0),
(1099, 'NOVA AMALIA RAMADHANI', '15393', 'hTOtAa', 2, 'BB', 0),
(1100, 'NUR AULIA AR AINI', '15394', 'T05kpD', 2, 'BB', 0),
(1101, 'NURUL SALSABILA', '15395', 'MzE9v0', 2, 'BB', 0),
(1102, 'NURULLOH HIKMAH ANISA', '15396', 'TnxkFL', 2, 'BB', 0),
(1103, 'RIANI', '15397', '0Fa3FR', 2, 'BB', 0),
(1104, 'RISTI SEPTININGTIAS', '15398', 'eOnGgd', 2, 'BB', 0),
(1105, 'RISTIANINGSIH', '15399', 'LtmUJQ', 2, 'BB', 0),
(1106, 'ROSITA TIRANINGSIH', '15400', 'm1sSwT', 2, 'BB', 0),
(1107, 'ROSITA TIRANINGSIH', '15401', 'NXvUCy', 2, 'BB', 0),
(1108, 'SALSA NABILA', '15402', 'bHhPuO', 2, 'BB', 0),
(1109, 'SETIA MANGGALI', '15403', 'V41VKs', 2, 'BB', 0),
(1110, 'SYIFA INDAH MEILANI', '15404', 'Nw3fcN', 2, 'BB', 0),
(1111, 'TUSI KARINI', '15405', 'T2b8Om', 2, 'BB', 0),
(1112, 'ULFA FARICHAH', '15406', 'xCwIbn', 2, 'BB', 0),
(1113, 'VITANTRI PANCARANI', '15407', 'EIoFhc', 2, 'BB', 0),
(1114, 'ZULFANIHAYAH', '15408', 'r70nyp', 2, 'BB', 0),
(1115, 'ANGGI PERMONISSUCI', '14402', 'efsGSt', 2, 'CC', 0),
(1116, 'ANGGITA ANGGRA SOFIYANTI', '14403', '6zB98K', 2, 'CC', 0),
(1117, 'ANISA UTAMI BAROKAH', '14404', 'XvoQZ1', 2, 'CC', 0),
(1118, 'DIANA NUR FATIMAH', '14405', '13myZC', 2, 'CC', 0),
(1119, 'ERMA NUR AZIZYAH', '14406', 'vgWvv9', 2, 'CC', 0),
(1120, 'FARICHATUL BAETI', '14407', 'EUoJg3', 2, 'CC', 0),
(1121, 'FEBI DIAN PERMATASARI', '14408', 'SrSKaV', 2, 'CC', 0),
(1122, 'FILZAH AMALIA FRISNANDA', '14409', 'hEJd13', 2, 'CC', 0),
(1123, 'FINNA ANGGI LESTARI', '14410', 'LkW2vc', 2, 'CC', 0),
(1124, 'FITRISANI ASSHAFA', '14411', 'G8Clv4', 2, 'CC', 0),
(1125, 'HANIFAH MARSATIYA', '14412', 'rzaspG', 2, 'CC', 0),
(1126, 'HAYATUS SOFI', '14413', 'B3or7S', 2, 'CC', 0),
(1127, 'INTAN APRIANI SUBEKTI', '14414', '0iIBsJ', 2, 'CC', 0),
(1128, 'IRAWATI DWI WULANDARI', '14415', 'paVleP', 2, 'CC', 0),
(1129, 'KHOERUNNISA', '14416', 'APWWCZ', 2, 'CC', 0),
(1130, 'LISA WAHYU NURLIANA', '14417', 'hiQAZt', 2, 'CC', 0),
(1131, 'MULIA SUCI ANNAAVI', '14418', 'KaBITw', 2, 'CC', 0),
(1132, 'NILA HOTI MATUROHMAH', '14419', 'zPVt5q', 2, 'CC', 0),
(1133, 'NUR HALIMAH', '14420', 'GKZ3U1', 2, 'CC', 0),
(1134, 'NUR SUCI WIDIANINGSIH', '14421', 'skUrwJ', 2, 'CC', 0),
(1135, 'PUJI LESTARI', '14422', 'Ed0aqG', 2, 'CC', 0),
(1136, 'RAHMA NOVITASARI', '14423', 'fRHwUL', 2, 'CC', 0),
(1137, 'RETNO HARTATI', '14424', 'gEwUbD', 2, 'CC', 0),
(1138, 'RISMA USWATUN JANNAH', '14425', 'Q4sxuT', 2, 'CC', 0),
(1139, 'RIZKI KURNIATI', '14426', 'sABKKz', 2, 'CC', 0),
(1140, 'RIZKY LAILATUS SIVA', '14427', 'qTLOuw', 2, 'CC', 0),
(1141, 'SAFA LAILA NUR SAFITRI', '14428', 'prAOvV', 2, 'CC', 0),
(1142, 'SEPTIA IHWANAFI', '14429', 'OQ8Hh6', 2, 'CC', 0),
(1143, 'SHINTA ARINTANI', '14430', 'nLHneA', 2, 'CC', 0),
(1144, 'SITI MUSRIFAH', '14431', 'saPrVw', 2, 'CC', 0),
(1145, 'SITI SOLIKHAH', '14432', 'woW0qp', 2, 'CC', 0),
(1146, 'VENA SEVINDA', '14433', 'FmhcTW', 2, 'CC', 0),
(1147, 'WIDI AGUSTIN TRININGSIH', '14434', 'z1Cv3I', 2, 'CC', 0),
(1148, 'WINDI OKTAVIANI', '14435', '2RqOdh', 2, 'CC', 0),
(1149, 'YULIANA TRISNAWATI', '14436', 'cF2422', 2, 'CC', 0),
(1150, 'ZULFIA AZIZAH', '14437', '9k8FN7', 2, 'CC', 0),
(1151, 'ANISA FEBRIYANTI', '14438', 'o9mgnI', 2, 'DD', 0),
(1152, 'APRIYANI DWI LESTARI', '14439', 'Rvp0Sn', 2, 'DD', 0),
(1153, 'ARINI SAKHIAH', '14440', 'EA779W', 2, 'DD', 0),
(1154, 'ARZETI FAOZIAH', '14441', '5UzGKK', 2, 'DD', 0),
(1155, 'BERLINA SOFIYANA', '14442', 'pvAxP0', 2, 'DD', 0),
(1156, 'BINTANG FEBIANJELIA', '14443', 'DH5K4H', 2, 'DD', 0),
(1157, 'CHALIMATUSSADIYAH', '14444', 'b3We11', 2, 'DD', 0),
(1158, 'DEA YUNISTA SARI', '14445', 'npHuhS', 2, 'DD', 0),
(1159, 'DEWI MULYANI', '14446', 'a2IKtR', 2, 'DD', 0),
(1160, 'DHEVI THANIA', '14447', 'krETzT', 2, 'DD', 0),
(1161, 'DIAN AMRIH PANGESTI', '14448', 'X40qzM', 2, 'DD', 0),
(1162, 'DITA WULANDARI', '14449', 'X1kTiO', 2, 'DD', 0),
(1163, 'ELVINA MAULIDYAH', '14450', '2V7DhG', 2, 'DD', 0),
(1164, 'FATHIA RAHMASARIX', '14451', 'Za1zvQ', 2, 'DD', 0),
(1165, 'FEBIANA LESTARI', '14452', 'zfRT9R', 2, 'DD', 0),
(1166, 'HANI SUSILOWATI', '14453', 'PQgtCG', 2, 'DD', 0),
(1167, 'IKA SILVIANA', '14454', 'oKHcXg', 2, 'DD', 0),
(1168, 'ISMI RIZKIYANTI', '14455', '98N7x0', 2, 'DD', 0),
(1169, 'ISNATUN KUNTAROMAH', '14456', 'kVireq', 2, 'DD', 0),
(1170, 'JUANITA WINDI KHARISMA', '14457', 'XtWLG3', 2, 'DD', 0),
(1171, 'KARTIKA ANGGRAENI', '14458', '4DV0Cz', 2, 'DD', 0),
(1172, 'KARTIKA KURNIA WIBOWO', '14459', '0c7FIw', 2, 'DD', 0),
(1173, 'LUTFY ANIS FADILA', '14460', 'wml8TF', 2, 'DD', 0),
(1174, 'MAYA ZAHROTUN JANAH', '14461', 'PFdDMB', 2, 'DD', 0),
(1175, 'MUTOHAROH', '14462', 'hsIzX5', 2, 'DD', 0),
(1176, 'NISFA ULINUHA', '14463', 'lwOU0X', 2, 'DD', 0),
(1177, 'NURUL RAHMAYANTI', '14464', 'gRg8Ve', 2, 'DD', 0),
(1178, 'OKTA ARIANI', '14465', 'gIPC6O', 2, 'DD', 0),
(1179, 'PIPIT MAELINA', '14466', 'Oc563h', 2, 'DD', 0),
(1180, 'PUJI WAHYUNINGSIH', '14467', 'yz0onF', 2, 'DD', 0),
(1181, 'REGITA PRESLY AMELIA', '14468', 'C1XCQk', 2, 'DD', 0),
(1182, 'REZA ANTIKA SANDI', '14469', 'mWtiSb', 2, 'DD', 0),
(1183, 'RIZKA LAILATUL KHOIRIYAH', '14470', 'x7WZvJ', 2, 'DD', 0),
(1184, 'STEVI AGUSTINA', '14471', 'MPfWuF', 2, 'DD', 0),
(1185, 'TRI ROHMAH DIYANTI', '14472', 'DW7a2G', 2, 'DD', 0),
(1186, 'AMELIA PUTRI', '14474', 'GPpdBh', 2, 'EE', 0),
(1187, 'ANGGUN GIANA', '14475', 'FaBVUK', 2, 'EE', 0),
(1188, 'ANIS FITRIANA', '14476', 'NbHDtv', 2, 'EE', 0),
(1189, 'ARIFAH NUR RAHMAH', '14477', 'I9eUwx', 2, 'EE', 0),
(1190, 'DEA AJENG ANJANI', '14478', 'k4V5Ke', 2, 'EE', 0),
(1191, 'ERNA NOPITASARI', '14479', 'd5erxM', 2, 'EE', 0),
(1192, 'ESTI NUR HAYATI', '14480', 'iO3Kqp', 2, 'EE', 0),
(1193, 'FIKA RIJKI SAFITRI', '14481', 'Z7r3Ns', 2, 'EE', 0),
(1194, 'FIRLIATI', '14482', 'HssENB', 2, 'EE', 0),
(1195, 'HANA MAZLIKA', '14483', 'EQRnnd', 2, 'EE', 0),
(1196, 'ICA MAGES FARI', '14484', 'hwTwHK', 2, 'EE', 0),
(1197, 'INDAH AMIROTUL HAKIMAH', '14485', 'TmHuCc', 2, 'EE', 0),
(1198, 'LINA FITRIANA', '14486', 'oo8qsL', 2, 'EE', 0),
(1199, 'MAYA RATNASARI', '14487', '0SaLcu', 2, 'EE', 0),
(1200, 'NDAWI SRI ISTANTINI', '14488', 's53dFn', 2, 'EE', 0),
(1201, 'NENENG KHOFIFATUS SANI', '14489', '759XpX', 2, 'EE', 0),
(1202, 'NGAENUN NIKMAH', '14490', 'vvgapy', 2, 'EE', 0),
(1203, 'NGAFIFATUR ROHMAH', '14491', 'LTp6qp', 2, 'EE', 0),
(1204, 'NONNIK FARADELA', '14492', '3m494C', 2, 'EE', 0),
(1205, 'NOVI ANISA RAHMA DINI', '14493', 'SFuIcT', 2, 'EE', 0),
(1206, 'NUR AFIFATUN', '14494', 'd8EmyL', 2, 'EE', 0),
(1207, 'NUR SOIMAH', '14495', 'TrN9k9', 2, 'EE', 0),
(1208, 'RAHAYU FITRIANINGSIH', '14496', '8H7y65', 2, 'EE', 0),
(1209, 'RETNO NUR FAUJIAH', '14497', 'vLR46t', 2, 'EE', 0),
(1210, 'REZA DINI OKTAVIA', '14498', '1t76TB', 2, 'EE', 0),
(1211, 'ROFI SETIANINGSIH', '14499', 'skMOoD', 2, 'EE', 0),
(1212, 'SADIATUL MARIFAH', '14500', 'Ayrz18', 2, 'EE', 0),
(1213, 'SAFINATUSSADIYAH', '14501', 'iWcTD8', 2, 'EE', 0),
(1214, 'SITI ALFIATUN', '14502', 'Tge4sW', 2, 'EE', 0),
(1215, 'TANTI WAHYU LESTARI', '14503', '9RHTZL', 2, 'EE', 0),
(1216, 'TAUFIK QURROHMAH', '14504', '5kr8OZ', 2, 'EE', 0),
(1217, 'TRI WITANTI', '14505', '4WTKBD', 2, 'EE', 0),
(1218, ' ULFAH KHOIRUNNISA', '14506', 'QymhVP', 2, 'EE', 0),
(1219, 'UMI SANGADAH ', '14507', 'iqozXv', 2, 'EE', 0),
(1220, 'YUNITA MISDA ARYANTI', '14508', 'PdXQWI', 2, 'EE', 0),
(1221, ' ZAIMATUS SOFIAH', '14509', 'CUi17k', 2, 'EE', 0),
(1222, 'AMALIA FRISKA YUNIARTI', '14510', 'T6JxJD', 2, 'FF', 0),
(1223, ' ANINDYA PUTRI FACHIRILIA', '14511', '46hpl5', 2, 'FF', 0),
(1224, 'APRIL RETNO ASIH ', '14512', 'Rq6GXq', 2, 'FF', 0),
(1225, 'ARNI ATMANIAH', '14513', '0RD1X0', 2, 'FF', 0),
(1226, 'ATIK SETIYOWATI', '14514', '9lzvl0', 2, 'FF', 0),
(1227, ' ATIKAH WULANDARI', '14515', 'Jve14k', 2, 'FF', 0),
(1228, ' BAROKATUN ISTINGADAH', '14516', 'Ho6iTA', 2, 'FF', 0),
(1229, 'DEWI ASTUTI', '14517', 'xTzc9T', 2, 'FF', 0),
(1230, ' DIAN APRILIA EKARINI ', '14518', 'ZsEnzC', 2, 'FF', 0),
(1231, 'DIAN NURFATIMAH', '14519', 'IovhKT', 2, 'FF', 0),
(1232, 'ELISA SALSABILA', '14520', '0TgNRD', 2, 'FF', 0),
(1233, ' FAIZAH INDRIYANI', '14521', 'kX05ZL', 2, 'FF', 0),
(1234, ' FATWA NURNGAINI', '14522', 'xdZx7k', 2, 'FF', 0),
(1235, 'FIKA FEBRIANI ', '14523', 'IqLcyV', 2, 'FF', 0),
(1236, 'FINA YULIANA ', '14524', 'Fy3PVm', 2, 'FF', 0),
(1237, 'HELMI RIZQI MAULIDAH', '14525', '4DTIHz', 2, 'FF', 0),
(1238, 'IRMA SEPTIANINGRUM', '14526', '9L5eKZ', 2, 'FF', 0),
(1239, ' ISTIKOMAH', '14527', 'Xp1XOC', 2, 'FF', 0),
(1240, ' LIANA WINDA SARI', '14528', 'auXmXf', 2, 'FF', 0),
(1241, 'MUKAROMAH ', '14529', 'i6wadn', 2, 'FF', 0),
(1242, 'NABILLA PUSPITA ', '14530', '5zeqwV', 2, 'FF', 0),
(1243, 'NILAM AGUSTIN', '14531', '4qFaGs', 2, 'FF', 0),
(1244, 'NITA APRILIANA', '14532', 'UACWBg', 2, 'FF', 0),
(1245, ' NUR ASRIFAH ', '14533', 'eg4daA', 2, 'FF', 0),
(1246, 'NUR ISNAENI', '14534', 'rMZhxs', 2, 'FF', 0),
(1247, 'RENI LESTARI', '14535', 'dJTq70', 2, 'FF', 0),
(1248, ' RISMA FIRDA SARI', '14536', 'psB9ip', 2, 'FF', 0),
(1249, ' RIZKA WADIAH NUR ZAHIROH', '14537', 'L5Ma5q', 2, 'FF', 0),
(1250, 'SALSABILA ALIMAWATY', '14538', 'k9Ec83', 2, 'FF', 0),
(1251, ' SERLIA NURUL AIZZAH ', '14539', 'DCqkS4', 2, 'FF', 0),
(1252, 'SITI ANDRIYANI ', '14540', 'ceNFom', 2, 'FF', 0),
(1253, 'SITI FATIMAH', '14541', 'gGoJ0a', 2, 'FF', 0),
(1254, 'SITI KHOERIYAH ', '14542', 'TwgSS0', 2, 'FF', 0),
(1255, 'TITIN NUR FATIMAH', '14543', '0lswax', 2, 'FF', 0),
(1256, ' WULAN GALIH KIRANI', '14544', '2SWwKA', 2, 'FF', 0),
(1257, ' YUYUN FATIMAH', '14545', 'ZB7Gyp', 2, 'FF', 0),
(1258, 'ALFI RISWANI ', '14546', 'CpMcIR', 2, 'GG', 0),
(1259, 'ANISATUL HIKMAH ', '14547', 'NhTHJT', 2, 'GG', 0),
(1260, 'ANISHA AMELIA WULAN DARI ', '14548', 'TNBHyf', 2, 'GG', 0),
(1261, 'ANNISA RAHMA FITRIANA', '14549', 'kTqtVr', 2, 'GG', 0),
(1262, ' AYU ANANDA MITHA LISTYA', '14550', 'eGGd6E', 2, 'GG', 0),
(1263, 'CHAMIDATUL MUSYAROFAH', '14551', 'pBJzvX', 2, 'GG', 0),
(1264, ' CINDI AGUSTIANI', '14552', 'PJHB5O', 2, 'GG', 0),
(1265, ' DEWI MURTININGSIH', '14553', '8MinLL', 2, 'GG', 0),
(1266, ' DWI ASTUTI', '14554', 'TQHWn8', 2, 'GG', 0),
(1267, ' DWI FEBRIYANI RAIHANA', '14555', 'iJ3yJM', 2, 'GG', 0),
(1268, ' DWI FITRIA NINGRUM', '14556', '0wlTRJ', 2, 'GG', 0),
(1269, 'EKA LESTIANA WULANDARI', '14557', 'rb4P0b', 2, 'GG', 0),
(1270, ' EKA NURIA RAMADLANI', '14558', 'GCLVxA', 2, 'GG', 0),
(1271, ' EVA YULIANA', '14559', 'rnrldZ', 2, 'GG', 0),
(1272, 'FARKHADINA NUR AMALIA', '14560', '808reZ', 2, 'GG', 0),
(1273, ' FITRIA NUR HIDAYAH', '14561', 'SJbWUm', 2, 'GG', 0),
(1274, ' INTAN ANGGRAINI', '14562', 'psvyey', 2, 'GG', 0),
(1275, 'MAFRIKA NUDZILA ILMI', '14563', 'fSk206', 2, 'GG', 0),
(1276, ' MIRWAHATUN ATIF HIDAYAH', '14564', 'tEcT72', 2, 'GG', 0),
(1277, ' MUSDALIFATUN KHIKMAH', '14565', 'd1WKr1', 2, 'GG', 0),
(1278, 'NAZWA MALIKA MULIA', '14566', 'TKobkB', 2, 'GG', 0),
(1279, ' NELLY FARKHAN', '14567', 'hVVdA2', 2, 'GG', 0),
(1280, ' NGAINUN NAJATI', '14568', 'Uf1bNP', 2, 'GG', 0),
(1281, ' PUTRI LATIFA TUSSARIFAH', '14569', '1xnRot', 2, 'GG', 0),
(1282, 'RARA APRIYANTI', '14570', 'KVQVO7', 2, 'GG', 0),
(1283, ' RATNA USWATUN KHASANAH', '14571', 'nyF0Wz', 2, 'GG', 0),
(1284, ' REFTI DIAHNINGRUM', '14572', 'NlXMVd', 2, 'GG', 0),
(1285, ' RESTU PUTRI MULYAWATI', '14573', '9bDwOb', 2, 'GG', 0),
(1286, ' RETNO LINURANI', '14574', 'egMcxx', 2, 'GG', 0),
(1287, ' RISALATUL APRILIANA', '14575', 'dhz7Ox', 2, 'GG', 0),
(1288, 'SITI MASROFAH ', '14576', 'Ip5tLc', 2, 'GG', 0),
(1289, 'SITI RUMAISOH ', '14577', 'CeCeD7', 2, 'GG', 0),
(1290, 'UMMI NABILLA', '14578', '3cQZ6T', 2, 'GG', 0),
(1291, ' USTITA HANUM DELIYAN ', '14579', 'ytmidd', 2, 'GG', 0),
(1292, 'YULIA ULFAH ', '14580', 'vBRi8T', 2, 'GG', 0),
(1293, 'YUNIA SRI RAHMAWATI', '14581', 'WGZ8ca', 2, 'GG', 0),
(1294, 'ANISA SILVIANI', '14582', 'QMpPwp', 2, 'HH', 0),
(1295, ' ANIYATUN WAHFIROH ', '14583', 'evrz6P', 2, 'HH', 0),
(1296, 'ANJANI PRASTYANINGSIH', '14584', 'rukGzS', 2, 'HH', 0),
(1297, ' DENY RAHFIYATURROBINGAH ', '14585', 'nzG3OA', 2, 'HH', 0),
(1298, 'DESI ELA SAFITRI', '14586', 'KezOlI', 2, 'HH', 0),
(1299, ' DESI LESTARI ', '14587', 'Ji039N', 2, 'HH', 0),
(1300, 'DEWI SUSILOWATI', '14588', 'gWVPQ2', 2, 'HH', 0),
(1301, 'FATMAWATI DWI UTAMI', '14589', 'Jks3zn', 2, 'HH', 0),
(1302, 'FRISKA AMANDA PUTRI', '14590', 'h6gMiz', 2, 'HH', 0),
(1303, ' HANA FATIMUNADA', '14591', 'zARVn8', 2, 'HH', 0),
(1304, ' INTAN FADILA', '14592', 'LS6tEp', 2, 'HH', 0),
(1305, 'LAELI NURJANAH ', '14593', 'JDZdww', 2, 'HH', 0),
(1306, 'LISTIANA DEWI ', '14594', 'nuWhfy', 2, 'HH', 0),
(1307, 'NORMA DWI ARIYANI ', '14595', '2zPlRb', 2, 'HH', 0),
(1308, 'NOVIA WULAN PRAFITRI ', '14596', 'rvHnUp', 2, 'HH', 0),
(1309, 'NUR ATSNA NABILA', '14597', 'k2Q2hd', 2, 'HH', 0),
(1310, 'NUR BAETI MUNAWAROH ', '14598', 'G3549f', 2, 'HH', 0),
(1311, 'NURCHAYATI ', '14599', '0rmk9X', 2, 'HH', 0),
(1312, 'NURUL UMA ', '14600', '9kIs6U', 2, 'HH', 0),
(1313, 'PUTRI ISWANDARI ', '14601', 'XeXV5u', 2, 'HH', 0),
(1314, 'PUTRI RAHMAWATI', '14602', 'hWwcm1', 2, 'HH', 0),
(1315, 'RAHMA CAHYA DEWI ', '14603', 'bHuSu6', 2, 'HH', 0),
(1316, 'REFI NOVITA ANGGI ', '14604', '4d8HKs', 2, 'HH', 0),
(1317, 'RIMA WIDIANA ', '14605', '1a8LO2', 2, 'HH', 0),
(1318, 'RINDI SAFITRI', '14606', 'tGgLCw', 2, 'HH', 0),
(1319, ' RINI PUJI LESTARI', '14607', 'VI10K5', 2, 'HH', 0),
(1320, ' RISALATUL APRILIANI', '14608', 't0kJFH', 2, 'HH', 0),
(1321, ' RISHATUL KHORIROH ', '14609', 'XMUcet', 2, 'HH', 0),
(1322, 'RIZKI MELIANA', '14610', 'NmrDeu', 2, 'HH', 0),
(1323, 'ROFI ATUSYANGADAH ', '14611', 'AVNmVe', 2, 'HH', 0),
(1324, 'SALMA NUR KHASANAH ', '14612', 'HO4nwn', 2, 'HH', 0),
(1325, 'SRI KUNTARI HANDAYANI ', '14613', 'JqNKif', 2, 'HH', 0),
(1326, 'ULFATUR ROKHMAH', '14614', 'DBOggn', 2, 'HH', 0),
(1327, ' UMUL WAHIDAH', '14615', 'iuqSkc', 2, 'HH', 0),
(1328, ' WULAN DERITA', '14616', '1GCzRt', 2, 'HH', 0),
(1329, 'AMANDA FATIKA SARI', '14617', 'MLlegz', 2, 'II', 0),
(1330, ' ARINTA RIZKI SETIYANI ', '14618', 'G86TCy', 2, 'II', 0),
(1331, 'AVI YULIANTI ', '14619', 'NVcg9E', 2, 'II', 0),
(1332, 'DIANA ANGGREANI ', '14620', 'iB5IoB', 2, 'II', 0),
(1333, 'DINI ISNAENI', '14621', 'sKfISN', 2, 'II', 0),
(1334, ' DITA SUKMAWATI', '14622', 'thZDiW', 2, 'II', 0),
(1335, 'FARA DIANA OLIFIANI ', '14623', 'WphsJz', 2, 'II', 0),
(1336, 'FITROH KHOERUNISA', '14624', 'vPFsdL', 2, 'II', 0),
(1337, ' ICHA NUR HALIZA ', '14625', 'Nbizmu', 2, 'II', 0),
(1338, 'ISROFATUNIMAH', '14626', 'ZVcFTO', 2, 'II', 0),
(1339, 'JANATUN', '14627', 'TXEWSy', 2, 'II', 0),
(1340, ' KHARISMA HANA SYAHRUN', '14628', 'rMkokW', 2, 'II', 0),
(1341, 'KHOFIFAH AKHIRIYAH ', '14629', 'ubI0LT', 2, 'II', 0),
(1342, 'LUCKY APRIANINGSIH', '14630', 'TVclVs', 2, 'II', 0),
(1343, ' MEI ANJANI MENDROFA', '14631', 'kht2WD', 2, 'II', 0),
(1344, ' MEI ASA PRATAMI', '14632', 'ZrnBUW', 2, 'II', 0),
(1345, ' MURNI SAROJAH ', '14633', 'fzAwxi', 2, 'II', 0),
(1346, 'NADIFA RAIHANA', '14634', 'UGs8dc', 2, 'II', 0),
(1347, 'NIKEN ANJAR SAPUTRI', '14635', 'NRJbKp', 2, 'II', 0),
(1348, ' NOVITA RIZQIANA FITRIYANTI ', '14636', 'dR9rfF', 2, 'II', 0),
(1349, 'NUR ANITA ZAKIYAH ', '14637', '8VnGDX', 2, 'II', 0),
(1350, 'NUR RISKA HANDAYANI ', '14638', 'EgNbWV', 2, 'II', 0),
(1351, 'NURHIDAYAH', '14639', 'v9WMCa', 2, 'II', 0),
(1352, ' NURUL KHANIFAH', '14640', 'RKQvs5', 2, 'II', 0),
(1353, 'PUTRI NURAINI ', '14641', 'hpiLEJ', 2, 'II', 0),
(1354, 'PUTRI REGINA SARI', '14642', '3MQr24', 2, 'II', 0),
(1355, ' PUTRI RIZKI MAULIDIYANI ', '14643', 'k7qUr7', 2, 'II', 0),
(1356, 'PUTRI YANI ', '14644', 'KQG2cv', 2, 'II', 0),
(1357, 'QONITA IMANIATI ', '14645', 'bATwd6', 2, 'II', 0),
(1358, 'REVI KHUJAYANTI', '14646', 'TgTQCQ', 2, 'II', 0),
(1359, 'SITI RAFIDA', '14647', 'SDolMU', 2, 'II', 0),
(1360, ' VALENCI PRAMUDITA ', '14648', '5I0Di2', 2, 'II', 0),
(1361, 'WANDA SAFITRI ', '14649', 'xpfokV', 2, 'II', 0),
(1362, 'YULFATUN INNAYAH', '14650', 'bwq3iC', 2, 'II', 0),
(1363, ' YULIANA KARTIKA SARI ', '14651', 'SHd8gO', 2, 'II', 0),
(1364, 'ZAKIYATUL FAHIRA', '14652', 'eEig7w', 2, 'II', 0),
(1365, 'AFIFATUR RAHMAH', '14653', 'dRuVaa', 2, 'JJ', 0),
(1366, 'AMIRAH NAILAH FATIN', '14654', 'hlyNER', 2, 'JJ', 0),
(1367, 'ANDINI YULIARTI', '14655', 'mitMPT', 2, 'JJ', 0),
(1368, 'ANNA MUBAROKAH', '14656', '3PsDzF', 2, 'JJ', 0),
(1369, 'ANNISA RIZQI JANNAH', '14657', 'NekTT6', 2, 'JJ', 0),
(1370, 'ARIS SETIANI', '14658', 'F3SbRT', 2, 'JJ', 0),
(1371, 'ATIKA WAHYUNI', '14659', 'yf8GDi', 2, 'JJ', 0),
(1372, 'CATUR JUNIATI', '14660', 'IFmwLI', 2, 'JJ', 0),
(1373, 'DHIFA AFLAHA', '14661', '3RA0cs', 2, 'JJ', 0),
(1374, 'DWI HASNA', '14662', 'AAJCCx', 2, 'JJ', 0),
(1375, 'ERIKA HESTU WAHYUNI', '14663', 'DqipPW', 2, 'JJ', 0),
(1376, 'ETI KURNIASIH', '14664', 'T9AQPF', 2, 'JJ', 0),
(1377, 'FANI PUTRI LESTARI', '14665', 'StGz6S', 2, 'JJ', 0),
(1378, 'FANY ASYIFA ZAHRA', '14666', 'DPp6nQ', 2, 'JJ', 0),
(1379, 'FARAH RAMADANI', '14667', 'ee72EU', 2, 'JJ', 0),
(1380, 'FINA INDRIYANI', '14668', 'RuVMgF', 2, 'JJ', 0),
(1381, 'HIKMAH TUS SANI', '14669', 'HsM48G', 2, 'JJ', 0),
(1382, 'INEZA APRILIA', '14670', 'emSCdv', 2, 'JJ', 0),
(1383, 'KHANIFAH LINDA UTAMI', '14671', 'Uldu4h', 2, 'JJ', 0),
(1384, 'MELVIYANA HARVANI', '14672', 'BTOE4K', 2, 'JJ', 0),
(1385, 'PUTRI RAHAYU PANGESTUTI', '14673', 'Fs4c8J', 2, 'JJ', 0),
(1386, 'PUTRI YASMI', '14674', 'hP90KM', 2, 'JJ', 0),
(1387, 'REFI MARIZKA', '14675', '2HpO1z', 2, 'JJ', 0),
(1388, 'REFNITA SARI', '14676', 'pKlODB', 2, 'JJ', 0),
(1389, 'RIZKI MULYANTI', '14677', 'zTUlqK', 2, 'JJ', 0),
(1390, 'SALAISA TAMAIATUL FATIAH', '14678', 'arlmEV', 2, 'JJ', 0),
(1391, 'SHOFWATUL FIKRIYA', '14679', 'z9D4aq', 2, 'JJ', 0),
(1392, 'SIKHA INAYATUNNIMAH', '14680', 'bRUIlJ', 2, 'JJ', 0),
(1393, 'SITI YULIYANA', '14681', 'CdlaE0', 2, 'JJ', 0),
(1394, 'SOFI NURUL IZZAH', '14682', 'UDQwSO', 2, 'JJ', 0),
(1395, 'SYAHDA PUTRI DANINDITYA', '14683', 'hkP9UT', 2, 'JJ', 0),
(1396, 'TALA AYU KENANGA', '14684', 'RTlg41', 2, 'JJ', 0),
(1397, 'TANTI NURHAYATI', '14685', 'ZuGxKd', 2, 'JJ', 0),
(1398, 'UJI LESTARI', '14686', '8q0il3', 2, 'JJ', 0),
(1399, 'UMI SALAMAH', '14687', 'yEhqSG', 2, 'JJ', 0),
(1400, 'ZAKIYATUS SALMA', '14688', 'ab18pn', 2, 'JJ', 0),
(1401, 'ANA KHOERI NISA', '14689', '6Egx4A', 2, 'KK', 0),
(1402, 'ASYIATUL KHOTIMAH', '14690', 'PQX13h', 2, 'KK', 0),
(1403, 'AYU RONNA WATI', '14691', 'RN0t3J', 2, 'KK', 0),
(1404, 'BELA SRI SULAIMAH', '14692', 'CCWi2U', 2, 'KK', 0),
(1405, 'DAVINA TRI FEBRIYANTI', '14693', 'XuoQbJ', 2, 'KK', 0),
(1406, 'DEDE INDRIYANI', '14694', 'oOXcAu', 2, 'KK', 0),
(1407, 'DIAH SRI NURAENI', '14695', 'MTxpfV', 2, 'KK', 0),
(1408, 'DWI BELA YUNITA', '14696', 'qRcF63', 2, 'KK', 0),
(1409, 'DWI ISTI ALFIANI', '14697', 'R7wwFm', 2, 'KK', 0),
(1410, 'EKA MULYANINGSIH', '14698', 'mZCBOi', 2, 'KK', 0),
(1411, 'FADIA MAYANG AGUSTINA', '14699', 'fHsr9k', 2, 'KK', 0),
(1412, 'FATMA KHULASHATUL KAROMAH', '14700', '7tp9it', 2, 'KK', 0),
(1413, 'FENI AYU SAPUTRI', '14701', 'o1WOMn', 2, 'KK', 0),
(1414, 'FIFAH ULYA KHOERUNISA', '14702', 'qhsvP0', 2, 'KK', 0),
(1415, 'INDRI NUR JANAH', '14703', 'Dt5Qrp', 2, 'KK', 0),
(1416, 'LAELA SAFRI', '14704', '2F97fw', 2, 'KK', 0),
(1417, 'LATIFATUL MUTOHAROH', '14705', 'izDvXm', 2, 'KK', 0),
(1418, 'LINDA SUNDARI', '14706', 'JF9nuk', 2, 'KK', 0),
(1419, 'NILA KURNIAWATI', '14707', 'dDgDS0', 2, 'KK', 0),
(1420, 'NIMATUL MUFLIKHAH', '14708', 'kGpJtb', 2, 'KK', 0),
(1421, 'NOVITA EKA WULANDARI', '14709', 'Cme3MT', 2, 'KK', 0),
(1422, 'NUR WAGE HASTUTI', '14710', '9I4z04', 2, 'KK', 0),
(1423, 'NURI ASRIATI DWI HANDAYANI', '14711', '2gUe05', 2, 'KK', 0),
(1424, 'PUSPA KENANGA', '14712', 'gSJTEZ', 2, 'KK', 0),
(1425, 'PUTRI ARDANESWARI FITRININGRUM', '14713', 'xWu02E', 2, 'KK', 0),
(1426, 'SABILA FASYA ARRAHMA', '14714', 'iaos2A', 2, 'KK', 0),
(1427, 'SOLIHATI', '14715', 'VmCZkH', 2, 'KK', 0),
(1428, 'TISNGA RESTU UCHTIA', '14716', '6mPnLe', 2, 'KK', 0),
(1429, 'TRI NUR FAIDAH', '14717', '1nS6GP', 2, 'KK', 0),
(1430, 'TRI WAHYUNINGSIH', '14718', 'RhBfvT', 2, 'KK', 0),
(1431, 'ULMI OKTIANA', '14719', '8Fm079', 2, 'KK', 0),
(1432, 'ULWIYATUN NASIHAH', '14720', 'loR3gD', 2, 'KK', 0),
(1433, 'USWATUN CHASANAH', '14721', 'zPpXbl', 2, 'KK', 0),
(1434, 'USWATUN KHASANAH', '14722', 'iVneqH', 2, 'KK', 0),
(1435, 'WAFIQ AZIZATURROHMAH', '14723', 'Nw5AbW', 2, 'KK', 0),
(1436, 'WIJI SAPUTRI', '14724', 'KPH644', 2, 'KK', 0),
(1437, 'ADE LIA APRIL ANGGRAENI ', '14725', '08qQFq', 2, 'LL', 0),
(1438, 'AFTINA SOLIKHATUN', '14726', 'gHdLQo', 2, 'LL', 0),
(1439, 'ALENA CAMELIA TIANSURI', '14727', '1H8nOZ', 2, 'LL', 0),
(1440, 'ANDIKA MAULANA RUBI', '14728', 'IAQWAM', 2, 'LL', 0),
(1441, 'ANNISA RAMADHANIA ALAMIN', '14729', 'AZLFEF', 2, 'LL', 0),
(1442, 'ANNISA VIRA AZIZAH', '14730', 'PcEhda', 2, 'LL', 0),
(1443, ' DELA SALAISYA HIKMAH', '14731', 'lAz2SU', 2, 'LL', 0),
(1444, 'DEWIE ASARRAA ', '14732', 'tmWuBU', 2, 'LL', 0),
(1445, 'EFTIK ABQORIATUN NAFIAH', '14733', 'CVPv4J', 2, 'LL', 0),
(1446, 'ELIS DWIYANI', '14734', 'IIr8lT', 2, 'LL', 0),
(1447, ' ELMA SARI ADHANI', '14735', 'PsqbGt', 2, 'LL', 0),
(1448, 'FAUZIA NURCAHYANINGSIH ', '14736', 'vheniT', 2, 'LL', 0),
(1449, 'FIRLY FATIMATUZZAHRAH', '14737', 'Et9CIs', 2, 'LL', 0),
(1450, 'HANA IKKA SAPUTRI ', '14738', 'I3Jb08', 2, 'LL', 0),
(1451, 'HIKMATUL AZIZAH', '14739', 'ofRF7f', 2, 'LL', 0),
(1452, 'LINDA PRASISKA', '14740', 'wKNn0O', 2, 'LL', 0),
(1453, ' LULU NURAINI', '14741', 'Hq0lbo', 2, 'LL', 0),
(1454, 'MARIA KADARSIH ', '14742', 'UoR9GO', 2, 'LL', 0),
(1455, 'MITA AMALIYA', '14743', 'FHE3H1', 2, 'LL', 0),
(1456, 'NELLYA ANGGUN VANESHA ', '14744', 'nt8Ew2', 2, 'LL', 0),
(1457, 'NURUL FADILAH', '14745', 'g7CVrf', 2, 'LL', 0),
(1458, 'PUTRI DEWI LAELA ', '14746', 'WvW1Ug', 2, 'LL', 0),
(1459, 'PUTRI NASHIFATUL ARNANDA', '14747', 'L16TB2', 2, 'LL', 0),
(1460, 'RAHAYUNINGTYAS ', '14748', 'Z5kUnU', 2, 'LL', 0),
(1461, 'RAIMA SHAFA APRILIA PUTRI', '14749', 'JP7T60', 2, 'LL', 0),
(1462, 'REGITA EKA LESTARI ', '14750', 'dDTOye', 2, 'LL', 0),
(1463, 'REVINDA PUTRI AMIYA', '14751', 'FZ2a7F', 2, 'LL', 0),
(1464, 'RIZKI DWI LESTARI ', '14752', 'wtaOEt', 2, 'LL', 0),
(1465, 'SEPTIARSIH', '14753', '9x8RD6', 2, 'LL', 0),
(1466, 'SINDI OCTAVIANA', '14754', 'SsW5A8', 2, 'LL', 0),
(1467, ' TRI PUJIASIH', '14755', 'uzTtsH', 2, 'LL', 0),
(1468, 'ULFATUN UMAYAH ', '14756', 'Vb2Dxe', 2, 'LL', 0),
(1469, 'VERA ANDINI', '14757', 'E8M6sg', 2, 'LL', 0),
(1470, 'VIKI NIHAYATI ', '14758', 'CBlydN', 2, 'LL', 0),
(1471, 'WAFIQ ANAQOH', '14759', '8tTHsT', 2, 'LL', 0),
(1472, 'YULIANA ENDAH PRATIWI', '14760', 'R6PwCE', 2, 'LL', 0),
(1473, 'ADE RAHMAT SETIAWAN', '14761', '20wHGb', 2, 'MM', 0),
(1474, 'AENI MABRUROH ', '14762', '3JdpMm', 2, 'MM', 0),
(1475, 'AMALIA NURAINI', '14763', '8xI2eA', 2, 'MM', 0),
(1476, 'ASIH SUBEKTI ', '14764', '5EerqZ', 2, 'MM', 0),
(1477, 'AULIA TIANA ANJANI KHONZA', '14765', '032IfI', 2, 'MM', 0),
(1478, 'AULYA RAHMAWATI ', '14766', 'suEEDJ', 2, 'MM', 0),
(1479, 'AYU SEPTIYANINGRUM', '14767', '2kFISo', 2, 'MM', 0),
(1480, 'DWI AGTA LISNA ', '14768', 'boUCQ0', 2, 'MM', 0),
(1481, 'FENI YULIANA ', '14769', 'wi8ziK', 2, 'MM', 0),
(1482, 'FENSIKA PUSPITA LUSIANTARI', '14770', 'mZD47K', 2, 'MM', 0),
(1483, 'HANIF ICHSAN MAULANA', '14771', '0UWEmc', 2, 'MM', 0),
(1484, ' HANIFA ANAMILA', '14772', 'XGPQOg', 2, 'MM', 0),
(1485, 'HENI NUR HIDAYAH ', '14773', 'r6wFEQ', 2, 'MM', 0),
(1486, 'HERNITA MAGGI DEWARI', '14774', 'eF9A52', 2, 'MM', 0),
(1487, 'HUSNUL KHOTIMAH', '14775', '8IEMPL', 2, 'MM', 0),
(1488, ' INDRI SETYOWATI', '14776', 'tFD071', 2, 'MM', 0),
(1489, 'INGGIT SETIYANINGSIH ', '14777', 'pMPf1r', 2, 'MM', 0),
(1490, 'JEFFRI PRATAMA SETIYAWAN', '14778', 'l9HCec', 2, 'MM', 0),
(1491, 'KLARA PRAKASITA LINGA', '14779', 'TwQaVG', 2, 'MM', 0),
(1492, ' LAILA TIFANI', '14780', 'CuliA5', 2, 'MM', 0),
(1493, 'MAWARDI JANITRA HADI', '14781', 'VJzTnl', 2, 'MM', 0),
(1494, ' MELATI ARUM SEKARNINGRUM', '14782', 'rCCGcG', 2, 'MM', 0),
(1495, 'MUDRIKAH MUKAROMAH', '14783', 'ptvaxU', 2, 'MM', 0),
(1496, ' NURUL NGAENI ', '14784', 'QyKd5W', 2, 'MM', 0),
(1497, 'RACHMALIA NURHIDA', '14785', '74aTQb', 2, 'MM', 0),
(1498, 'RAHMAN PAMBEKTI ', '14786', 'antika', 2, 'MM', 1),
(1499, 'RENI SOLIKHAH', '14787', 'wnzwU3', 2, 'MM', 0),
(1500, 'RIFA YULI ASTUTI ', '14788', 'XGbGcM', 2, 'MM', 0),
(1501, 'RULIANA', '14789', 'gAGQUy', 2, 'MM', 0),
(1502, 'SALSABILA SAKINAH', '14790', 'F6xFCR', 2, 'MM', 0),
(1503, ' SITI WAROHMAH', '14791', 'A0oCT3', 2, 'MM', 0),
(1504, ' SYAHBANI NADIA SOFIYANTI', '14792', 'gs97xL', 2, 'MM', 0),
(1505, ' VINA YUNIAR HIDAYATI', '14793', 'sGtOlo', 2, 'MM', 0),
(1506, 'WAHYU TRI LESTARI ', '14794', 'iDn5d1', 2, 'MM', 1),
(1507, 'YUNI SATIYA BAROKAH', '14795', '3Trx0k', 2, 'MM', 0),
(1508, 'YUSRIL IHZA PRASETYA', '14796', 'RNkmBM', 2, 'MM', 0),
(1509, 'AGISTA MUTIARA AULIA ', '14797', 'LgRkrR', 2, 'NN', 0),
(1510, 'AKIRA WAHYU SAPUTRA', '14798', 'xv6PUr', 2, 'NN', 0),
(1511, 'ALFI AMALIAH AZIZAH', '14799', 'LGWxTo', 2, 'NN', 0),
(1512, ' AMELIA JANU FITRIANI', '14800', 'xX7hs2', 2, 'NN', 0),
(1513, 'ANGGUN DWI RAHAYU ', '14801', 'tmMHkr', 2, 'NN', 0),
(1514, 'ANIS ANJAYANI', '14802', 'y81Zlr', 2, 'NN', 0),
(1515, 'ARIQ WIRAGITA RAHARJO', '14803', '8XI0H2', 2, 'NN', 0),
(1516, ' DEWI WIJI ASTUTI', '14804', 'kKRHfG', 2, 'NN', 0),
(1517, 'DILA TRI HANDINI ', '14805', 'W3OmeE', 2, 'NN', 0),
(1518, 'DWI SUSANTI', '14806', 'ppg9oZ', 2, 'NN', 0),
(1519, 'DZIKRI FANDI SETIOWIBOWO ', '14807', 'obwaXH', 2, 'NN', 0),
(1520, 'ELIZA YULIANA', '14808', 'XGgneo', 2, 'NN', 0),
(1521, 'ENDAH YUNIARTI', '14809', 'TA6ylw', 2, 'NN', 0),
(1522, ' ESTI RAHMAWATI', '14810', 'xVh83O', 2, 'NN', 0),
(1523, 'FARKHAH FATMARANTI ', '14811', 'JkceZN', 2, 'NN', 0),
(1524, 'FEBY SETYA UTAMI', '14812', 'HtpTTX', 2, 'NN', 0),
(1525, 'FIKA FATHUL HUDA', '14813', 'mEXPFn', 2, 'NN', 0),
(1526, ' FITRI NUR DANIASIH', '14814', 'UpLLPJ', 2, 'NN', 0),
(1527, 'FITRIANA AL KODRIYAH', '14815', '9FenZC', 2, 'NN', 0),
(1528, ' ISTIQOMAH', '14816', '3xL5ip', 2, 'NN', 0),
(1529, 'KHARISMA KHOERUNNISA ', '14817', '5zTOWU', 2, 'NN', 0),
(1530, 'KHOFIFA INDAH SAPUTRI', '14818', 'NT2DnP', 2, 'NN', 0),
(1531, 'LISA AMALIA ', '14819', 'EgPU7z', 2, 'NN', 0),
(1532, 'M. BASARUDIN', '14820', 'lUHZQl', 2, 'NN', 0),
(1533, 'MIFTAHUL HANIFAH ', '14821', '18uFiO', 2, 'NN', 0),
(1534, 'NURUL HIDAYAH', '14822', 'AinLal', 2, 'NN', 0),
(1535, 'NURUL HIKMAH ', '14823', 'QTVdwK', 2, 'NN', 0),
(1536, 'NURUL IZZA', '14824', 'wAs9rt', 2, 'NN', 0),
(1537, 'RAHMA NUR ARISKA ', '14825', '2200CX', 2, 'NN', 0),
(1538, 'SAFIRA DELFIANI SAFITRI', '14826', 'betfHa', 2, 'NN', 0),
(1539, 'SULISTYANINGSIH ', '14827', 'KGRVpU', 2, 'NN', 0),
(1540, 'TIA IVANA', '14828', 'qTr0gE', 2, 'NN', 0),
(1541, 'VILI AMALIA', '14829', 'CaD2tz', 2, 'NN', 0),
(1542, ' WIDYA RAHAYU', '14830', 'uRJCfn', 2, 'NN', 0),
(1543, ' WIJIYANTI ', '14831', '7yIzpN', 2, 'NN', 0),
(1544, 'ZAHROH ZAKIYATUL RAHMAH', '14832', 'yQntUN', 2, 'NN', 0),
(1545, 'AISYAH NUR FAIDA', '14833', '4HqwIJ', 2, 'OO', 0),
(1546, ' ALFINA LISANNISA', '14834', 'RRDpUO', 2, 'OO', 0),
(1547, 'APRI NOVIANA ', '14835', 'WIBwnA', 2, 'OO', 0),
(1548, 'ARI SETIYONINGSIH ', '14836', 'pTM2vM', 2, 'OO', 0),
(1549, 'ASI SADIAH', '14837', 'l2Ic5C', 2, 'OO', 0),
(1550, 'DARLIS RISKI OKTAFIANI ', '14838', '5EPC8N', 2, 'OO', 0),
(1551, 'EKA YULIANA ', '14839', 'uZEDaZ', 2, 'OO', 0),
(1552, 'FAJAR SALINDRI', '14840', 'qB2wWQ', 2, 'OO', 0),
(1553, 'FEBRIANA AYU AULIA ', '14841', 'uEciz3', 2, 'OO', 0),
(1554, 'FIQI ARI MAHBUBAH', '14842', 'Srzt70', 2, 'OO', 0),
(1555, 'HASNA NURFADHILAH ', '14843', 'iAITqT', 2, 'OO', 0),
(1556, 'HINDUN FARKHAH ', '14844', 'OXe3IQ', 2, 'OO', 0),
(1557, 'IKA DESI OKTAVIANI', '14845', '2RxWQi', 2, 'OO', 0),
(1558, 'ITSNA ZAQIYATUL FAQIROH', '14846', 'lSihxo', 2, 'OO', 0),
(1559, 'KHAIFATUN MUNISA ', '14848', 'mRLDvJ', 2, 'OO', 0),
(1560, 'KHARISMA FEBRIANI ', '14849', 'xt6IEi', 2, 'OO', 0),
(1561, 'KHARISMA KHOIRINA', '14850', 'A5yDnB', 2, 'OO', 0),
(1562, 'LAILY NASIHAH', '14851', '0KWiO0', 2, 'OO', 0),
(1563, ' LINA EKA SAPUTRI', '14852', 'fGcgdv', 2, 'OO', 0),
(1564, ' MAULIHAH MUTIARA TSANI', '14853', 'Nk47sq', 2, 'OO', 0),
(1565, 'MOH RAFLIYANTO', '14854', 'LsZxNJ', 2, 'OO', 0),
(1566, ' MUSTAMINGAH ', '14855', '5qIek3', 2, 'OO', 0),
(1567, 'NURANI WIDYA PANGESTI', '14856', 'OOHJQx', 2, 'OO', 0),
(1568, 'NURHAYATI ', '14857', 'U2BiUV', 2, 'OO', 0),
(1569, 'PUTRI RAHMAYANTI ', '14858', 'wFHbIz', 2, 'OO', 0),
(1570, 'RAFIKA SALMA SEPTIANA', '14859', 'OyxoW4', 2, 'OO', 0),
(1571, 'RESTU MAYA ROSITA ', '14860', 'TvtwyC', 2, 'OO', 0),
(1572, 'RISALATUL MUAWANAH ', '14861', 'Vc2ldO', 2, 'OO', 0),
(1573, 'SEPTYA RINI', '14862', 'EDesgK', 2, 'OO', 0),
(1574, 'SITI NURKAMILA ZULFA ', '14863', 'qoW0Gs', 2, 'OO', 0),
(1575, 'SOLIHATUN ', '14864', '83MNGK', 2, 'OO', 0),
(1576, 'SRI WIDIANINGSIH ', '14865', 'BnZuJs', 2, 'OO', 0),
(1577, 'SUSI SUSANTI ', '14866', 'eCm9fS', 2, 'OO', 0),
(1578, 'TRI MURNI LISTIANI ', '14867', 'ZidCVm', 2, 'OO', 0),
(1579, 'YUSUP ARIANTO', '14868', 'Uz66se', 2, 'OO', 0),
(1580, 'ACHMAD RIZAL CHAZANI ', '14869', 'DeBN3G', 2, 'PP', 0),
(1581, 'AFIATI ', '14870', 'BRXH6C', 2, 'PP', 0),
(1582, 'AFIFAH RAIHAN NISA', '14871', 'HHC5hc', 2, 'PP', 0),
(1583, 'ALIFATUN ROFINGAH ', '14872', 'f1mrIy', 2, 'PP', 0),
(1584, 'ANIS NUR AZIJAH ', '14873', 'XIBTr9', 2, 'PP', 0),
(1585, 'CHOLIFATUN NISA', '14874', '3kdKDa', 2, 'PP', 0),
(1586, 'DELA PUSPITA ', '14875', 'Z9QvmT', 2, 'PP', 0),
(1587, 'DELLA APRILIANI ', '14876', '5OB6Rx', 2, 'PP', 0),
(1588, 'DIYAH NURCHASANAH', '14877', 'ufgv3p', 2, 'PP', 0),
(1589, 'ERNI MUFINGATUN', '14878', '7m8Quh', 2, 'PP', 0),
(1590, ' FEBY ARUM WULANDARI', '14879', 'O25xlW', 2, 'PP', 0),
(1591, ' FIFI AYU LESTARI', '14880', 'Rbuv7H', 2, 'PP', 0),
(1592, 'GEZA HARLIN ANDITA ', '14881', 'pph4sK', 2, 'PP', 0),
(1593, 'HAZZAH NAWANG SARI ', '14882', 'tCZiRg', 2, 'PP', 0),
(1594, 'HIKMAH MAULIDA', '14884', 'xvie3z', 2, 'PP', 0),
(1595, 'INTAN NADIA ', '14885', '8Me5UV', 2, 'PP', 0),
(1596, 'JAZA UL KHUSNA ', '14886', '34wPWb', 2, 'PP', 0),
(1597, 'KURNIA ANGGIE OKTRIANA', '14887', 'BZ6bAi', 2, 'PP', 0),
(1598, 'LAELI LESTARI', '14888', 'JmGQxQ', 2, 'PP', 0),
(1599, ' MAFATIHURROHMAH ', '14890', 'kGmgU8', 2, 'PP', 0),
(1600, 'MIA NUR ANGGRAENI', '14891', 'dxlp3y', 2, 'PP', 0),
(1601, 'NIDA ANNISAUSSANGADAH', '14892', 'UAb0wE', 2, 'PP', 0),
(1602, ' NINA FITRI ANI ', '14893', 'PbIpBm', 2, 'PP', 0),
(1603, 'NUARI PUTRI ANDINI', '14894', 'sPLTKZ', 2, 'PP', 0),
(1604, 'PUTRI NUR INDAH SARI ', '14895', 'JetmcL', 2, 'PP', 0),
(1605, 'QONITAH KHAMIDAH ', '14896', 'CP7ecs', 2, 'PP', 0),
(1606, 'REZA KURNIA CITRASARI', '14897', 'hqngOd', 2, 'PP', 0),
(1607, 'RISKIANA SAPUTRI ', '14898', 'NDJNnQ', 2, 'PP', 0),
(1608, 'SILVI DWI RISMAWATI ', '14899', 'EBX68I', 2, 'PP', 0),
(1609, 'SITI BAROKAH ', '14900', 'LUyC8J', 2, 'PP', 0),
(1610, 'SYIVA INAYATURRAHMA ', '14901', 'gZKsml', 2, 'PP', 0),
(1611, 'TIAS ARUM SARI', '14902', 'FuTLrz', 2, 'PP', 0),
(1612, ' VINA IDZAMATUL SILMI ', '14904', 'Huadga', 2, 'PP', 0),
(1613, 'ZULFIANI', '14905', 'gQr6xJ', 2, 'PP', 0),
(2052, 'testing', 'test', 'test', 2, 'A', 1),
(2053, 'test', 'test', '1234', 2, 'A', 0),
(2054, 'Devi Larasati, S.Pd.', 'devilarasati@pilkosis', 'r4has1a', 3, 'A2', 0);

--
-- Indexes for dumped tables
--

--
-- Indexes for table `administrator`
--
ALTER TABLE `administrator`
  ADD PRIMARY KEY (`id`),
  ADD KEY `level` (`level`);

--
-- Indexes for table `berita`
--
ALTER TABLE `berita`
  ADD PRIMARY KEY (`id_berita`);

--
-- Indexes for table `biodata`
--
ALTER TABLE `biodata`
  ADD PRIMARY KEY (`id`),
  ADD KEY `id_kandidat` (`id_kandidat`),
  ADD KEY `kelas` (`kelas`);

--
-- Indexes for table `datakelas`
--
ALTER TABLE `datakelas`
  ADD PRIMARY KEY (`kodekelas`);

--
-- Indexes for table `data_voting`
--
ALTER TABLE `data_voting`
  ADD PRIMARY KEY (`id`),
  ADD KEY `no_kandidat` (`no_kandidat`),
  ADD KEY `id_user` (`id_user`);

--
-- Indexes for table `kandidat`
--
ALTER TABLE `kandidat`
  ADD PRIMARY KEY (`id`),
  ADD UNIQUE KEY `id` (`id`),
  ADD KEY `nama` (`ketua`);

--
-- Indexes for table `komentar`
--
ALTER TABLE `komentar`
  ADD PRIMARY KEY (`id`),
  ADD KEY `id_user` (`id_user`);

--
-- Indexes for table `level`
--
ALTER TABLE `level`
  ADD PRIMARY KEY (`id_level`);

--
-- Indexes for table `message`
--
ALTER TABLE `message`
  ADD PRIMARY KEY (`id`);

--
-- Indexes for table `setting`
--
ALTER TABLE `setting`
  ADD PRIMARY KEY (`id`),
  ADD KEY `id_admin` (`id_admin`);

--
-- Indexes for table `status`
--
ALTER TABLE `status`
  ADD PRIMARY KEY (`id_status`);

--
-- Indexes for table `user`
--
ALTER TABLE `user`
  ADD PRIMARY KEY (`id`),
  ADD KEY `level_siswa` (`level`),
  ADD KEY `status_siswa` (`status`),
  ADD KEY `kelas_siswa` (`kelas`);

--
-- AUTO_INCREMENT for dumped tables
--

--
-- AUTO_INCREMENT for table `administrator`
--
ALTER TABLE `administrator`
  MODIFY `id` int(11) NOT NULL AUTO_INCREMENT, AUTO_INCREMENT=2;

--
-- AUTO_INCREMENT for table `berita`
--
ALTER TABLE `berita`
  MODIFY `id_berita` int(11) NOT NULL AUTO_INCREMENT;

--
-- AUTO_INCREMENT for table `biodata`
--
ALTER TABLE `biodata`
  MODIFY `id` int(11) NOT NULL AUTO_INCREMENT, AUTO_INCREMENT=5;

--
-- AUTO_INCREMENT for table `data_voting`
--
ALTER TABLE `data_voting`
  MODIFY `id` int(11) NOT NULL AUTO_INCREMENT, AUTO_INCREMENT=7;

--
-- AUTO_INCREMENT for table `komentar`
--
ALTER TABLE `komentar`
  MODIFY `id` int(11) NOT NULL AUTO_INCREMENT, AUTO_INCREMENT=2;

--
-- AUTO_INCREMENT for table `message`
--
ALTER TABLE `message`
  MODIFY `id` int(11) NOT NULL AUTO_INCREMENT, AUTO_INCREMENT=6;

--
-- AUTO_INCREMENT for table `user`
--
ALTER TABLE `user`
  MODIFY `id` int(11) NOT NULL AUTO_INCREMENT, AUTO_INCREMENT=2055;
COMMIT;

/*!40101 SET CHARACTER_SET_CLIENT=@OLD_CHARACTER_SET_CLIENT */;
/*!40101 SET CHARACTER_SET_RESULTS=@OLD_CHARACTER_SET_RESULTS */;
/*!40101 SET COLLATION_CONNECTION=@OLD_COLLATION_CONNECTION */;
